timeStamp,elapsed,label,responseCode,responseMessage,threadName,dataType,success,failureMessage,bytes,sentBytes,grpThreads,allThreads,URL,Latency,IdleTime,Connect
1741249551580,1203,Choose flights/-23,400,Bad Request,Thread Group 1-1,text,false,,468,601,1,1,https://push.services.mozilla.com/,1201,0,1175
1741249552788,370,Choose flights/submit/firefox-desktop/events/1/13b530cb-31ce-4e37-90d0-bd4eccc3e4dd-24,200,OK,Thread Group 1-1,text,true,,893,4863,1,1,https://incoming.telemetry.mozilla.org/submit/firefox-desktop/events/1/13b530cb-31ce-4e37-90d0-bd4eccc3e4dd,370,0,72
1741249553159,278,Choose flights/submit/firefox-desktop/metrics/1/a496f56f-00b4-4327-bf53-b1c7a7940d9b-25,200,OK,Thread Group 1-1,text,true,,923,27932,1,1,https://incoming.telemetry.mozilla.org/submit/firefox-desktop/metrics/1/a496f56f-00b4-4327-bf53-b1c7a7940d9b,278,0,0
1741249553438,245,Launch Blazedemo/submit/firefox-desktop/newtab/1/0bcef598-401e-40e8-af16-4015b04038a1-26,200,OK,Thread Group 1-1,text,true,,761,1516,1,1,https://incoming.telemetry.mozilla.org/submit/firefox-desktop/newtab/1/0bcef598-401e-40e8-af16-4015b04038a1,245,0,0
1741249553685,228,Launch Blazedemo/submit/firefox-desktop/baseline/1/5e02d39e-0fbf-4a6c-8e99-b5cac4083f7c-27,200,OK,Thread Group 1-1,text,true,,741,2381,1,1,https://incoming.telemetry.mozilla.org/submit/firefox-desktop/baseline/1/5e02d39e-0fbf-4a6c-8e99-b5cac4083f7c,228,0,0
1741249553914,282,Launch Blazedemo/submit/firefox-desktop/usage-reporting/1/6158146f-975a-419b-a59f-60820442db77-28,200,OK,Thread Group 1-1,text,true,,934,902,1,1,https://incoming.telemetry.mozilla.org/submit/firefox-desktop/usage-reporting/1/6158146f-975a-419b-a59f-60820442db77,282,0,0
1741249554197,253,Launch Blazedemo/submit/firefox-desktop/messaging-system/1/8ec44f42-4986-4b49-9969-60c31ff325ef-29,200,OK,Thread Group 1-1,text,true,,938,2238,1,1,https://incoming.telemetry.mozilla.org/submit/firefox-desktop/messaging-system/1/8ec44f42-4986-4b49-9969-60c31ff325ef,253,0,0
1741249554452,237,Launch Blazedemo/submit/firefox-desktop/messaging-system/1/0c2cc820-3711-4973-8f9d-43691e962504-30,200,OK,Thread Group 1-1,text,true,,783,2287,1,1,https://incoming.telemetry.mozilla.org/submit/firefox-desktop/messaging-system/1/0c2cc820-3711-4973-8f9d-43691e962504,237,0,0
1741249554690,254,Launch Blazedemo/submit/firefox-desktop/messaging-system/1/7aa40df8-69c7-4c96-8005-1fdb0c5e4fb0-31,200,OK,Thread Group 1-1,text,true,,915,2265,1,1,https://incoming.telemetry.mozilla.org/submit/firefox-desktop/messaging-system/1/7aa40df8-69c7-4c96-8005-1fdb0c5e4fb0,254,0,0
1741249554945,283,Launch Blazedemo/submit/firefox-desktop/messaging-system/1/1595d4bc-d1a4-422a-9518-4b77620fb546-32,200,OK,Thread Group 1-1,text,true,,750,2472,1,1,https://incoming.telemetry.mozilla.org/submit/firefox-desktop/messaging-system/1/1595d4bc-d1a4-422a-9518-4b77620fb546,283,0,0
1741249555228,275,Launch Blazedemo/submit/firefox-desktop/messaging-system/1/8fdab717-0bfd-4852-8502-7835597c2dd2-33,200,OK,Thread Group 1-1,text,true,,773,2514,1,1,https://incoming.telemetry.mozilla.org/submit/firefox-desktop/messaging-system/1/8fdab717-0bfd-4852-8502-7835597c2dd2,275,0,0
1741249555504,246,Launch Blazedemo/submit/firefox-desktop/messaging-system/1/cc8015cb-0d7b-434f-8b00-2f009c0b563f-34,200,OK,Thread Group 1-1,text,true,,912,2275,1,1,https://incoming.telemetry.mozilla.org/submit/firefox-desktop/messaging-system/1/cc8015cb-0d7b-434f-8b00-2f009c0b563f,245,0,0
1741249555751,252,Launch Blazedemo/submit/firefox-desktop/messaging-system/1/15e36c3a-6295-4188-9d94-d0f47212bf6e-35,200,OK,Thread Group 1-1,text,true,,805,2403,1,1,https://incoming.telemetry.mozilla.org/submit/firefox-desktop/messaging-system/1/15e36c3a-6295-4188-9d94-d0f47212bf6e,252,0,0
1741249556003,269,Launch Blazedemo/submit/firefox-desktop/messaging-system/1/aefff963-9262-45b7-8ba3-e4d2bfba0c57-36,200,OK,Thread Group 1-1,text,true,,837,2277,1,1,https://incoming.telemetry.mozilla.org/submit/firefox-desktop/messaging-system/1/aefff963-9262-45b7-8ba3-e4d2bfba0c57,269,0,0
1741249556275,240,Launch Blazedemo/complete/search-37,200,OK,Thread Group 1-1,text,true,,5361,291,2,2,https://www.google.com/complete/search?client=firefox&channel=ftr&q=,239,0,132
1741249556447,92,Choose flights/-23,400,Bad Request,Thread Group 1-2,text,false,,468,601,2,2,https://push.services.mozilla.com/,92,0,72
1741249556542,331,Choose flights/submit/firefox-desktop/events/1/13b530cb-31ce-4e37-90d0-bd4eccc3e4dd-24,200,OK,Thread Group 1-2,text,true,,710,4863,2,2,https://incoming.telemetry.mozilla.org/submit/firefox-desktop/events/1/13b530cb-31ce-4e37-90d0-bd4eccc3e4dd,331,0,74
1741249556516,531,Launch Blazedemo/-38,200,OK,Thread Group 1-1,text,true,,2205,447,2,2,https://blazedemo.com/,527,0,159
1741249556873,357,Choose flights/submit/firefox-desktop/metrics/1/a496f56f-00b4-4327-bf53-b1c7a7940d9b-25,200,OK,Thread Group 1-2,text,true,,820,27932,2,2,https://incoming.telemetry.mozilla.org/submit/firefox-desktop/metrics/1/a496f56f-00b4-4327-bf53-b1c7a7940d9b,357,0,0
1741249557231,262,Launch Blazedemo/submit/firefox-desktop/newtab/1/0bcef598-401e-40e8-af16-4015b04038a1-26,200,OK,Thread Group 1-2,text,true,,782,1516,2,2,https://incoming.telemetry.mozilla.org/submit/firefox-desktop/newtab/1/0bcef598-401e-40e8-af16-4015b04038a1,262,0,0
1741249557493,307,Launch Blazedemo/submit/firefox-desktop/baseline/1/5e02d39e-0fbf-4a6c-8e99-b5cac4083f7c-27,200,OK,Thread Group 1-2,text,true,,872,2381,2,2,https://incoming.telemetry.mozilla.org/submit/firefox-desktop/baseline/1/5e02d39e-0fbf-4a6c-8e99-b5cac4083f7c,307,0,0
1741249557050,791,Launch Blazedemo/v1/3.0/projects/lXviifSA1NskA4wsG9N6WoWg/events/pageviews?api_key=8RWMCGFX4X0IRY1GHWDM3HM5WDSJF9LP62BSDULOL3XK7WAIFGDB7EU526O1A0UPLH1S8SJP320LUXJKCHLJX1822GU1KFE80CNW6PXVZ83IOO6LJ731EN164IFVUFMC8DOGYP2MXHN47WGVB192F2PTQRQXCF95OJWAKGOH9S69DZAI5OPJW8QSPDE6LQQ9-39,204,No Content,Thread Group 1-1,text,true,,605,2700,2,2,https://blazemeter.datapipe.prodperfect.com/v1/3.0/projects/lXviifSA1NskA4wsG9N6WoWg/events/pageviews?api_key=8RWMCGFX4X0IRY1GHWDM3HM5WDSJF9LP62BSDULOL3XK7WAIFGDB7EU526O1A0UPLH1S8SJP320LUXJKCHLJX1822GU1KFE80CNW6PXVZ83IOO6LJ731EN164IFVUFMC8DOGYP2MXHN47WGVB192F2PTQRQXCF95OJWAKGOH9S69DZAI5OPJW8QSPDE6LQQ9,0,0,123
1741249557802,247,Launch Blazedemo/submit/firefox-desktop/usage-reporting/1/6158146f-975a-419b-a59f-60820442db77-28,200,OK,Thread Group 1-2,text,true,,920,902,2,2,https://incoming.telemetry.mozilla.org/submit/firefox-desktop/usage-reporting/1/6158146f-975a-419b-a59f-60820442db77,247,0,0
1741249558049,261,Launch Blazedemo/submit/firefox-desktop/messaging-system/1/8ec44f42-4986-4b49-9969-60c31ff325ef-29,200,OK,Thread Group 1-2,text,true,,758,2238,2,2,https://incoming.telemetry.mozilla.org/submit/firefox-desktop/messaging-system/1/8ec44f42-4986-4b49-9969-60c31ff325ef,260,0,0
1741249557842,670,Find flights/v1/3.0/projects/lXviifSA1NskA4wsG9N6WoWg/events/clicks?api_key=8RWMCGFX4X0IRY1GHWDM3HM5WDSJF9LP62BSDULOL3XK7WAIFGDB7EU526O1A0UPLH1S8SJP320LUXJKCHLJX1822GU1KFE80CNW6PXVZ83IOO6LJ731EN164IFVUFMC8DOGYP2MXHN47WGVB192F2PTQRQXCF95OJWAKGOH9S69DZAI5OPJW8QSPDE6LQQ9-40,204,No Content,Thread Group 1-1,text,true,,605,4040,2,2,https://blazemeter.datapipe.prodperfect.com/v1/3.0/projects/lXviifSA1NskA4wsG9N6WoWg/events/clicks?api_key=8RWMCGFX4X0IRY1GHWDM3HM5WDSJF9LP62BSDULOL3XK7WAIFGDB7EU526O1A0UPLH1S8SJP320LUXJKCHLJX1822GU1KFE80CNW6PXVZ83IOO6LJ731EN164IFVUFMC8DOGYP2MXHN47WGVB192F2PTQRQXCF95OJWAKGOH9S69DZAI5OPJW8QSPDE6LQQ9,0,0,0
1741249558310,293,Launch Blazedemo/submit/firefox-desktop/messaging-system/1/0c2cc820-3711-4973-8f9d-43691e962504-30,200,OK,Thread Group 1-2,text,true,,927,2287,2,2,https://incoming.telemetry.mozilla.org/submit/firefox-desktop/messaging-system/1/0c2cc820-3711-4973-8f9d-43691e962504,293,0,0
1741249558604,243,Launch Blazedemo/submit/firefox-desktop/messaging-system/1/7aa40df8-69c7-4c96-8005-1fdb0c5e4fb0-31,200,OK,Thread Group 1-2,text,true,,803,2265,2,2,https://incoming.telemetry.mozilla.org/submit/firefox-desktop/messaging-system/1/7aa40df8-69c7-4c96-8005-1fdb0c5e4fb0,243,0,0
1741249558848,266,Launch Blazedemo/submit/firefox-desktop/messaging-system/1/1595d4bc-d1a4-422a-9518-4b77620fb546-32,200,OK,Thread Group 1-2,text,true,,730,2472,2,2,https://incoming.telemetry.mozilla.org/submit/firefox-desktop/messaging-system/1/1595d4bc-d1a4-422a-9518-4b77620fb546,266,0,0
1741249558513,675,Find flights/v1/3.0/projects/lXviifSA1NskA4wsG9N6WoWg/events/clicks?api_key=8RWMCGFX4X0IRY1GHWDM3HM5WDSJF9LP62BSDULOL3XK7WAIFGDB7EU526O1A0UPLH1S8SJP320LUXJKCHLJX1822GU1KFE80CNW6PXVZ83IOO6LJ731EN164IFVUFMC8DOGYP2MXHN47WGVB192F2PTQRQXCF95OJWAKGOH9S69DZAI5OPJW8QSPDE6LQQ9-41,204,No Content,Thread Group 1-1,text,true,,605,4270,2,2,https://blazemeter.datapipe.prodperfect.com/v1/3.0/projects/lXviifSA1NskA4wsG9N6WoWg/events/clicks?api_key=8RWMCGFX4X0IRY1GHWDM3HM5WDSJF9LP62BSDULOL3XK7WAIFGDB7EU526O1A0UPLH1S8SJP320LUXJKCHLJX1822GU1KFE80CNW6PXVZ83IOO6LJ731EN164IFVUFMC8DOGYP2MXHN47WGVB192F2PTQRQXCF95OJWAKGOH9S69DZAI5OPJW8QSPDE6LQQ9,0,0,0
1741249559115,272,Launch Blazedemo/submit/firefox-desktop/messaging-system/1/8fdab717-0bfd-4852-8502-7835597c2dd2-33,200,OK,Thread Group 1-2,text,true,,778,2514,2,2,https://incoming.telemetry.mozilla.org/submit/firefox-desktop/messaging-system/1/8fdab717-0bfd-4852-8502-7835597c2dd2,271,0,0
1741249559388,251,Launch Blazedemo/submit/firefox-desktop/messaging-system/1/cc8015cb-0d7b-434f-8b00-2f009c0b563f-34,200,OK,Thread Group 1-2,text,true,,939,2275,2,2,https://incoming.telemetry.mozilla.org/submit/firefox-desktop/messaging-system/1/cc8015cb-0d7b-434f-8b00-2f009c0b563f,251,0,0
1741249559639,238,Launch Blazedemo/submit/firefox-desktop/messaging-system/1/15e36c3a-6295-4188-9d94-d0f47212bf6e-35,200,OK,Thread Group 1-2,text,true,,735,2403,2,2,https://incoming.telemetry.mozilla.org/submit/firefox-desktop/messaging-system/1/15e36c3a-6295-4188-9d94-d0f47212bf6e,238,0,0
1741249559188,689,Find flights/v1/3.0/projects/lXviifSA1NskA4wsG9N6WoWg/events/clicks?api_key=8RWMCGFX4X0IRY1GHWDM3HM5WDSJF9LP62BSDULOL3XK7WAIFGDB7EU526O1A0UPLH1S8SJP320LUXJKCHLJX1822GU1KFE80CNW6PXVZ83IOO6LJ731EN164IFVUFMC8DOGYP2MXHN47WGVB192F2PTQRQXCF95OJWAKGOH9S69DZAI5OPJW8QSPDE6LQQ9-42,204,No Content,Thread Group 1-1,text,true,,605,3831,2,2,https://blazemeter.datapipe.prodperfect.com/v1/3.0/projects/lXviifSA1NskA4wsG9N6WoWg/events/clicks?api_key=8RWMCGFX4X0IRY1GHWDM3HM5WDSJF9LP62BSDULOL3XK7WAIFGDB7EU526O1A0UPLH1S8SJP320LUXJKCHLJX1822GU1KFE80CNW6PXVZ83IOO6LJ731EN164IFVUFMC8DOGYP2MXHN47WGVB192F2PTQRQXCF95OJWAKGOH9S69DZAI5OPJW8QSPDE6LQQ9,0,0,0
1741249559877,269,Launch Blazedemo/submit/firefox-desktop/messaging-system/1/aefff963-9262-45b7-8ba3-e4d2bfba0c57-36,200,OK,Thread Group 1-2,text,true,,766,2277,2,2,https://incoming.telemetry.mozilla.org/submit/firefox-desktop/messaging-system/1/aefff963-9262-45b7-8ba3-e4d2bfba0c57,269,0,0
1741249560149,191,Launch Blazedemo/complete/search-37,200,OK,Thread Group 1-2,text,true,,1250,291,2,2,https://www.google.com/complete/search?client=firefox&channel=ftr&q=,191,0,111
1741249559878,681,Find flights/v1/3.0/projects/lXviifSA1NskA4wsG9N6WoWg/events/clicks?api_key=8RWMCGFX4X0IRY1GHWDM3HM5WDSJF9LP62BSDULOL3XK7WAIFGDB7EU526O1A0UPLH1S8SJP320LUXJKCHLJX1822GU1KFE80CNW6PXVZ83IOO6LJ731EN164IFVUFMC8DOGYP2MXHN47WGVB192F2PTQRQXCF95OJWAKGOH9S69DZAI5OPJW8QSPDE6LQQ9-43,204,No Content,Thread Group 1-1,text,true,,605,3831,2,2,https://blazemeter.datapipe.prodperfect.com/v1/3.0/projects/lXviifSA1NskA4wsG9N6WoWg/events/clicks?api_key=8RWMCGFX4X0IRY1GHWDM3HM5WDSJF9LP62BSDULOL3XK7WAIFGDB7EU526O1A0UPLH1S8SJP320LUXJKCHLJX1822GU1KFE80CNW6PXVZ83IOO6LJ731EN164IFVUFMC8DOGYP2MXHN47WGVB192F2PTQRQXCF95OJWAKGOH9S69DZAI5OPJW8QSPDE6LQQ9,0,0,0
1741249560560,269,Find flights/submit/firefox-desktop/messaging-system/1/83587195-8c2f-4fb2-921c-b33f0ce0787c-44,200,OK,Thread Group 1-1,text,true,,791,2402,2,2,https://incoming.telemetry.mozilla.org/submit/firefox-desktop/messaging-system/1/83587195-8c2f-4fb2-921c-b33f0ce0787c,269,0,0
1741249560341,536,Launch Blazedemo/-38,200,OK,Thread Group 1-2,text,true,,2397,447,2,2,https://blazedemo.com/,535,0,137
1741249560831,694,Find flights/v1/3.0/projects/lXviifSA1NskA4wsG9N6WoWg/events/clicks?api_key=8RWMCGFX4X0IRY1GHWDM3HM5WDSJF9LP62BSDULOL3XK7WAIFGDB7EU526O1A0UPLH1S8SJP320LUXJKCHLJX1822GU1KFE80CNW6PXVZ83IOO6LJ731EN164IFVUFMC8DOGYP2MXHN47WGVB192F2PTQRQXCF95OJWAKGOH9S69DZAI5OPJW8QSPDE6LQQ9-45,204,No Content,Thread Group 1-1,text,true,,605,4036,2,2,https://blazemeter.datapipe.prodperfect.com/v1/3.0/projects/lXviifSA1NskA4wsG9N6WoWg/events/clicks?api_key=8RWMCGFX4X0IRY1GHWDM3HM5WDSJF9LP62BSDULOL3XK7WAIFGDB7EU526O1A0UPLH1S8SJP320LUXJKCHLJX1822GU1KFE80CNW6PXVZ83IOO6LJ731EN164IFVUFMC8DOGYP2MXHN47WGVB192F2PTQRQXCF95OJWAKGOH9S69DZAI5OPJW8QSPDE6LQQ9,0,0,0
1741249560879,710,Launch Blazedemo/v1/3.0/projects/lXviifSA1NskA4wsG9N6WoWg/events/pageviews?api_key=8RWMCGFX4X0IRY1GHWDM3HM5WDSJF9LP62BSDULOL3XK7WAIFGDB7EU526O1A0UPLH1S8SJP320LUXJKCHLJX1822GU1KFE80CNW6PXVZ83IOO6LJ731EN164IFVUFMC8DOGYP2MXHN47WGVB192F2PTQRQXCF95OJWAKGOH9S69DZAI5OPJW8QSPDE6LQQ9-39,204,No Content,Thread Group 1-2,text,true,,605,2700,2,2,https://blazemeter.datapipe.prodperfect.com/v1/3.0/projects/lXviifSA1NskA4wsG9N6WoWg/events/pageviews?api_key=8RWMCGFX4X0IRY1GHWDM3HM5WDSJF9LP62BSDULOL3XK7WAIFGDB7EU526O1A0UPLH1S8SJP320LUXJKCHLJX1822GU1KFE80CNW6PXVZ83IOO6LJ731EN164IFVUFMC8DOGYP2MXHN47WGVB192F2PTQRQXCF95OJWAKGOH9S69DZAI5OPJW8QSPDE6LQQ9,0,0,32
1741249561526,277,Find flights/submit/firefox-desktop/messaging-system/1/006fe46e-ed92-4367-a981-24e0271c641c-46,200,OK,Thread Group 1-1,text,true,,761,2280,2,2,https://incoming.telemetry.mozilla.org/submit/firefox-desktop/messaging-system/1/006fe46e-ed92-4367-a981-24e0271c641c,277,0,0
1741249561804,252,Find flights/submit/firefox-desktop/newtab/1/b7c9a313-5966-4db0-bd24-edd2e7465af9-47,200,OK,Thread Group 1-1,text,true,,846,3433,2,2,https://incoming.telemetry.mozilla.org/submit/firefox-desktop/newtab/1/b7c9a313-5966-4db0-bd24-edd2e7465af9,252,0,0
1741249561589,675,Find flights/v1/3.0/projects/lXviifSA1NskA4wsG9N6WoWg/events/clicks?api_key=8RWMCGFX4X0IRY1GHWDM3HM5WDSJF9LP62BSDULOL3XK7WAIFGDB7EU526O1A0UPLH1S8SJP320LUXJKCHLJX1822GU1KFE80CNW6PXVZ83IOO6LJ731EN164IFVUFMC8DOGYP2MXHN47WGVB192F2PTQRQXCF95OJWAKGOH9S69DZAI5OPJW8QSPDE6LQQ9-40,204,No Content,Thread Group 1-2,text,true,,605,4040,2,2,https://blazemeter.datapipe.prodperfect.com/v1/3.0/projects/lXviifSA1NskA4wsG9N6WoWg/events/clicks?api_key=8RWMCGFX4X0IRY1GHWDM3HM5WDSJF9LP62BSDULOL3XK7WAIFGDB7EU526O1A0UPLH1S8SJP320LUXJKCHLJX1822GU1KFE80CNW6PXVZ83IOO6LJ731EN164IFVUFMC8DOGYP2MXHN47WGVB192F2PTQRQXCF95OJWAKGOH9S69DZAI5OPJW8QSPDE6LQQ9,0,0,0
1741249562056,691,Find flights/v1/3.0/projects/lXviifSA1NskA4wsG9N6WoWg/events/clicks?api_key=8RWMCGFX4X0IRY1GHWDM3HM5WDSJF9LP62BSDULOL3XK7WAIFGDB7EU526O1A0UPLH1S8SJP320LUXJKCHLJX1822GU1KFE80CNW6PXVZ83IOO6LJ731EN164IFVUFMC8DOGYP2MXHN47WGVB192F2PTQRQXCF95OJWAKGOH9S69DZAI5OPJW8QSPDE6LQQ9-49,204,No Content,Thread Group 1-1,text,true,,605,4259,2,2,https://blazemeter.datapipe.prodperfect.com/v1/3.0/projects/lXviifSA1NskA4wsG9N6WoWg/events/clicks?api_key=8RWMCGFX4X0IRY1GHWDM3HM5WDSJF9LP62BSDULOL3XK7WAIFGDB7EU526O1A0UPLH1S8SJP320LUXJKCHLJX1822GU1KFE80CNW6PXVZ83IOO6LJ731EN164IFVUFMC8DOGYP2MXHN47WGVB192F2PTQRQXCF95OJWAKGOH9S69DZAI5OPJW8QSPDE6LQQ9,0,0,0
1741249562264,660,Find flights/v1/3.0/projects/lXviifSA1NskA4wsG9N6WoWg/events/clicks?api_key=8RWMCGFX4X0IRY1GHWDM3HM5WDSJF9LP62BSDULOL3XK7WAIFGDB7EU526O1A0UPLH1S8SJP320LUXJKCHLJX1822GU1KFE80CNW6PXVZ83IOO6LJ731EN164IFVUFMC8DOGYP2MXHN47WGVB192F2PTQRQXCF95OJWAKGOH9S69DZAI5OPJW8QSPDE6LQQ9-41,204,No Content,Thread Group 1-2,text,true,,605,4270,2,2,https://blazemeter.datapipe.prodperfect.com/v1/3.0/projects/lXviifSA1NskA4wsG9N6WoWg/events/clicks?api_key=8RWMCGFX4X0IRY1GHWDM3HM5WDSJF9LP62BSDULOL3XK7WAIFGDB7EU526O1A0UPLH1S8SJP320LUXJKCHLJX1822GU1KFE80CNW6PXVZ83IOO6LJ731EN164IFVUFMC8DOGYP2MXHN47WGVB192F2PTQRQXCF95OJWAKGOH9S69DZAI5OPJW8QSPDE6LQQ9,0,0,0
1741249562748,686,Find flights/v1/3.0/projects/lXviifSA1NskA4wsG9N6WoWg/events/changes?api_key=8RWMCGFX4X0IRY1GHWDM3HM5WDSJF9LP62BSDULOL3XK7WAIFGDB7EU526O1A0UPLH1S8SJP320LUXJKCHLJX1822GU1KFE80CNW6PXVZ83IOO6LJ731EN164IFVUFMC8DOGYP2MXHN47WGVB192F2PTQRQXCF95OJWAKGOH9S69DZAI5OPJW8QSPDE6LQQ9-48,204,No Content,Thread Group 1-1,text,true,,605,4037,2,2,https://blazemeter.datapipe.prodperfect.com/v1/3.0/projects/lXviifSA1NskA4wsG9N6WoWg/events/changes?api_key=8RWMCGFX4X0IRY1GHWDM3HM5WDSJF9LP62BSDULOL3XK7WAIFGDB7EU526O1A0UPLH1S8SJP320LUXJKCHLJX1822GU1KFE80CNW6PXVZ83IOO6LJ731EN164IFVUFMC8DOGYP2MXHN47WGVB192F2PTQRQXCF95OJWAKGOH9S69DZAI5OPJW8QSPDE6LQQ9,0,0,0
1741249562925,691,Find flights/v1/3.0/projects/lXviifSA1NskA4wsG9N6WoWg/events/clicks?api_key=8RWMCGFX4X0IRY1GHWDM3HM5WDSJF9LP62BSDULOL3XK7WAIFGDB7EU526O1A0UPLH1S8SJP320LUXJKCHLJX1822GU1KFE80CNW6PXVZ83IOO6LJ731EN164IFVUFMC8DOGYP2MXHN47WGVB192F2PTQRQXCF95OJWAKGOH9S69DZAI5OPJW8QSPDE6LQQ9-42,204,No Content,Thread Group 1-2,text,true,,605,3831,2,2,https://blazemeter.datapipe.prodperfect.com/v1/3.0/projects/lXviifSA1NskA4wsG9N6WoWg/events/clicks?api_key=8RWMCGFX4X0IRY1GHWDM3HM5WDSJF9LP62BSDULOL3XK7WAIFGDB7EU526O1A0UPLH1S8SJP320LUXJKCHLJX1822GU1KFE80CNW6PXVZ83IOO6LJ731EN164IFVUFMC8DOGYP2MXHN47WGVB192F2PTQRQXCF95OJWAKGOH9S69DZAI5OPJW8QSPDE6LQQ9,0,0,0
1741249563435,260,Find flights/submit/firefox-desktop/newtab/1/c5f8ea21-dad0-4306-896f-edaac35723fa-50,200,OK,Thread Group 1-1,text,true,,762,2741,2,2,https://incoming.telemetry.mozilla.org/submit/firefox-desktop/newtab/1/c5f8ea21-dad0-4306-896f-edaac35723fa,260,0,0
1741249563695,280,Find flights/submit/firefox-desktop/use-counters/1/d4e18dc7-cfa5-4bad-9c26-34210da297e0-51,200,OK,Thread Group 1-1,text,true,,804,2124,2,2,https://incoming.telemetry.mozilla.org/submit/firefox-desktop/use-counters/1/d4e18dc7-cfa5-4bad-9c26-34210da297e0,280,0,0
1741249563617,679,Find flights/v1/3.0/projects/lXviifSA1NskA4wsG9N6WoWg/events/clicks?api_key=8RWMCGFX4X0IRY1GHWDM3HM5WDSJF9LP62BSDULOL3XK7WAIFGDB7EU526O1A0UPLH1S8SJP320LUXJKCHLJX1822GU1KFE80CNW6PXVZ83IOO6LJ731EN164IFVUFMC8DOGYP2MXHN47WGVB192F2PTQRQXCF95OJWAKGOH9S69DZAI5OPJW8QSPDE6LQQ9-43,204,No Content,Thread Group 1-2,text,true,,605,3831,2,2,https://blazemeter.datapipe.prodperfect.com/v1/3.0/projects/lXviifSA1NskA4wsG9N6WoWg/events/clicks?api_key=8RWMCGFX4X0IRY1GHWDM3HM5WDSJF9LP62BSDULOL3XK7WAIFGDB7EU526O1A0UPLH1S8SJP320LUXJKCHLJX1822GU1KFE80CNW6PXVZ83IOO6LJ731EN164IFVUFMC8DOGYP2MXHN47WGVB192F2PTQRQXCF95OJWAKGOH9S69DZAI5OPJW8QSPDE6LQQ9,0,0,0
1741249564297,241,Find flights/submit/firefox-desktop/messaging-system/1/83587195-8c2f-4fb2-921c-b33f0ce0787c-44,200,OK,Thread Group 1-2,text,true,,714,2402,2,2,https://incoming.telemetry.mozilla.org/submit/firefox-desktop/messaging-system/1/83587195-8c2f-4fb2-921c-b33f0ce0787c,241,0,0
1741249563976,683,Find flights/v1/3.0/projects/lXviifSA1NskA4wsG9N6WoWg/events/clicks?api_key=8RWMCGFX4X0IRY1GHWDM3HM5WDSJF9LP62BSDULOL3XK7WAIFGDB7EU526O1A0UPLH1S8SJP320LUXJKCHLJX1822GU1KFE80CNW6PXVZ83IOO6LJ731EN164IFVUFMC8DOGYP2MXHN47WGVB192F2PTQRQXCF95OJWAKGOH9S69DZAI5OPJW8QSPDE6LQQ9-52,204,No Content,Thread Group 1-1,text,true,,605,4248,2,2,https://blazemeter.datapipe.prodperfect.com/v1/3.0/projects/lXviifSA1NskA4wsG9N6WoWg/events/clicks?api_key=8RWMCGFX4X0IRY1GHWDM3HM5WDSJF9LP62BSDULOL3XK7WAIFGDB7EU526O1A0UPLH1S8SJP320LUXJKCHLJX1822GU1KFE80CNW6PXVZ83IOO6LJ731EN164IFVUFMC8DOGYP2MXHN47WGVB192F2PTQRQXCF95OJWAKGOH9S69DZAI5OPJW8QSPDE6LQQ9,0,0,0
1741249564538,675,Find flights/v1/3.0/projects/lXviifSA1NskA4wsG9N6WoWg/events/clicks?api_key=8RWMCGFX4X0IRY1GHWDM3HM5WDSJF9LP62BSDULOL3XK7WAIFGDB7EU526O1A0UPLH1S8SJP320LUXJKCHLJX1822GU1KFE80CNW6PXVZ83IOO6LJ731EN164IFVUFMC8DOGYP2MXHN47WGVB192F2PTQRQXCF95OJWAKGOH9S69DZAI5OPJW8QSPDE6LQQ9-45,204,No Content,Thread Group 1-2,text,true,,605,4036,2,2,https://blazemeter.datapipe.prodperfect.com/v1/3.0/projects/lXviifSA1NskA4wsG9N6WoWg/events/clicks?api_key=8RWMCGFX4X0IRY1GHWDM3HM5WDSJF9LP62BSDULOL3XK7WAIFGDB7EU526O1A0UPLH1S8SJP320LUXJKCHLJX1822GU1KFE80CNW6PXVZ83IOO6LJ731EN164IFVUFMC8DOGYP2MXHN47WGVB192F2PTQRQXCF95OJWAKGOH9S69DZAI5OPJW8QSPDE6LQQ9,0,0,0
1741249564659,774,Find flights/v1/3.0/projects/lXviifSA1NskA4wsG9N6WoWg/events/form_submissions?api_key=8RWMCGFX4X0IRY1GHWDM3HM5WDSJF9LP62BSDULOL3XK7WAIFGDB7EU526O1A0UPLH1S8SJP320LUXJKCHLJX1822GU1KFE80CNW6PXVZ83IOO6LJ731EN164IFVUFMC8DOGYP2MXHN47WGVB192F2PTQRQXCF95OJWAKGOH9S69DZAI5OPJW8QSPDE6LQQ9-53,204,No Content,Thread Group 1-1,text,true,,605,3976,2,2,https://blazemeter.datapipe.prodperfect.com/v1/3.0/projects/lXviifSA1NskA4wsG9N6WoWg/events/form_submissions?api_key=8RWMCGFX4X0IRY1GHWDM3HM5WDSJF9LP62BSDULOL3XK7WAIFGDB7EU526O1A0UPLH1S8SJP320LUXJKCHLJX1822GU1KFE80CNW6PXVZ83IOO6LJ731EN164IFVUFMC8DOGYP2MXHN47WGVB192F2PTQRQXCF95OJWAKGOH9S69DZAI5OPJW8QSPDE6LQQ9,0,0,0
1741249565214,283,Find flights/submit/firefox-desktop/messaging-system/1/006fe46e-ed92-4367-a981-24e0271c641c-46,200,OK,Thread Group 1-2,text,true,,857,2280,2,2,https://incoming.telemetry.mozilla.org/submit/firefox-desktop/messaging-system/1/006fe46e-ed92-4367-a981-24e0271c641c,283,0,0
1741249565434,261,Find flights/v1/3.0/projects/lXviifSA1NskA4wsG9N6WoWg/events/pageunloads?api_key=8RWMCGFX4X0IRY1GHWDM3HM5WDSJF9LP62BSDULOL3XK7WAIFGDB7EU526O1A0UPLH1S8SJP320LUXJKCHLJX1822GU1KFE80CNW6PXVZ83IOO6LJ731EN164IFVUFMC8DOGYP2MXHN47WGVB192F2PTQRQXCF95OJWAKGOH9S69DZAI5OPJW8QSPDE6LQQ9-55,204,No Content,Thread Group 1-1,text,true,,605,2707,2,2,https://blazemeter.datapipe.prodperfect.com/v1/3.0/projects/lXviifSA1NskA4wsG9N6WoWg/events/pageunloads?api_key=8RWMCGFX4X0IRY1GHWDM3HM5WDSJF9LP62BSDULOL3XK7WAIFGDB7EU526O1A0UPLH1S8SJP320LUXJKCHLJX1822GU1KFE80CNW6PXVZ83IOO6LJ731EN164IFVUFMC8DOGYP2MXHN47WGVB192F2PTQRQXCF95OJWAKGOH9S69DZAI5OPJW8QSPDE6LQQ9,0,0,0
1741249565499,251,Find flights/submit/firefox-desktop/newtab/1/b7c9a313-5966-4db0-bd24-edd2e7465af9-47,200,OK,Thread Group 1-2,text,true,,828,3433,2,2,https://incoming.telemetry.mozilla.org/submit/firefox-desktop/newtab/1/b7c9a313-5966-4db0-bd24-edd2e7465af9,251,0,0
1741249565695,265,Find flights/submit/firefox-desktop/newtab/1/6655cb2c-8f14-4908-a72f-cd90aebef034-56,200,OK,Thread Group 1-1,text,true,,774,1493,2,2,https://incoming.telemetry.mozilla.org/submit/firefox-desktop/newtab/1/6655cb2c-8f14-4908-a72f-cd90aebef034,265,0,0
1741249565750,253,Find flights/v1/3.0/projects/lXviifSA1NskA4wsG9N6WoWg/events/clicks?api_key=8RWMCGFX4X0IRY1GHWDM3HM5WDSJF9LP62BSDULOL3XK7WAIFGDB7EU526O1A0UPLH1S8SJP320LUXJKCHLJX1822GU1KFE80CNW6PXVZ83IOO6LJ731EN164IFVUFMC8DOGYP2MXHN47WGVB192F2PTQRQXCF95OJWAKGOH9S69DZAI5OPJW8QSPDE6LQQ9-49,204,No Content,Thread Group 1-2,text,true,,605,4259,2,2,https://blazemeter.datapipe.prodperfect.com/v1/3.0/projects/lXviifSA1NskA4wsG9N6WoWg/events/clicks?api_key=8RWMCGFX4X0IRY1GHWDM3HM5WDSJF9LP62BSDULOL3XK7WAIFGDB7EU526O1A0UPLH1S8SJP320LUXJKCHLJX1822GU1KFE80CNW6PXVZ83IOO6LJ731EN164IFVUFMC8DOGYP2MXHN47WGVB192F2PTQRQXCF95OJWAKGOH9S69DZAI5OPJW8QSPDE6LQQ9,0,0,0
1741249565960,408,Find flights/reserve.php-54,200,OK,Thread Group 1-1,text,true,,2469,626,2,2,https://blazedemo.com/reserve.php,406,0,0
1741249566369,295,Find flights/submit/firefox-desktop/baseline/1/059b1329-e128-43ac-80b5-8ad960a52b6f-57,200,OK,Thread Group 1-1,text,true,,801,2328,2,2,https://incoming.telemetry.mozilla.org/submit/firefox-desktop/baseline/1/059b1329-e128-43ac-80b5-8ad960a52b6f,295,0,0
1741249566004,670,Find flights/v1/3.0/projects/lXviifSA1NskA4wsG9N6WoWg/events/changes?api_key=8RWMCGFX4X0IRY1GHWDM3HM5WDSJF9LP62BSDULOL3XK7WAIFGDB7EU526O1A0UPLH1S8SJP320LUXJKCHLJX1822GU1KFE80CNW6PXVZ83IOO6LJ731EN164IFVUFMC8DOGYP2MXHN47WGVB192F2PTQRQXCF95OJWAKGOH9S69DZAI5OPJW8QSPDE6LQQ9-48,204,No Content,Thread Group 1-2,text,true,,605,4037,2,2,https://blazemeter.datapipe.prodperfect.com/v1/3.0/projects/lXviifSA1NskA4wsG9N6WoWg/events/changes?api_key=8RWMCGFX4X0IRY1GHWDM3HM5WDSJF9LP62BSDULOL3XK7WAIFGDB7EU526O1A0UPLH1S8SJP320LUXJKCHLJX1822GU1KFE80CNW6PXVZ83IOO6LJ731EN164IFVUFMC8DOGYP2MXHN47WGVB192F2PTQRQXCF95OJWAKGOH9S69DZAI5OPJW8QSPDE6LQQ9,0,0,0
1741249566675,233,Find flights/submit/firefox-desktop/newtab/1/c5f8ea21-dad0-4306-896f-edaac35723fa-50,200,OK,Thread Group 1-2,text,true,,727,2741,2,2,https://incoming.telemetry.mozilla.org/submit/firefox-desktop/newtab/1/c5f8ea21-dad0-4306-896f-edaac35723fa,233,0,0
1741249566665,252,Find flights/v1/3.0/projects/lXviifSA1NskA4wsG9N6WoWg/events/pageviews?api_key=8RWMCGFX4X0IRY1GHWDM3HM5WDSJF9LP62BSDULOL3XK7WAIFGDB7EU526O1A0UPLH1S8SJP320LUXJKCHLJX1822GU1KFE80CNW6PXVZ83IOO6LJ731EN164IFVUFMC8DOGYP2MXHN47WGVB192F2PTQRQXCF95OJWAKGOH9S69DZAI5OPJW8QSPDE6LQQ9-58,204,No Content,Thread Group 1-1,text,true,,605,2778,2,2,https://blazemeter.datapipe.prodperfect.com/v1/3.0/projects/lXviifSA1NskA4wsG9N6WoWg/events/pageviews?api_key=8RWMCGFX4X0IRY1GHWDM3HM5WDSJF9LP62BSDULOL3XK7WAIFGDB7EU526O1A0UPLH1S8SJP320LUXJKCHLJX1822GU1KFE80CNW6PXVZ83IOO6LJ731EN164IFVUFMC8DOGYP2MXHN47WGVB192F2PTQRQXCF95OJWAKGOH9S69DZAI5OPJW8QSPDE6LQQ9,0,0,0
1741249566909,258,Find flights/submit/firefox-desktop/use-counters/1/d4e18dc7-cfa5-4bad-9c26-34210da297e0-51,200,OK,Thread Group 1-2,text,true,,941,2124,2,2,https://incoming.telemetry.mozilla.org/submit/firefox-desktop/use-counters/1/d4e18dc7-cfa5-4bad-9c26-34210da297e0,258,0,0
1741249566918,272,Find flights/submit/firefox-desktop/usage-reporting/1/668c993a-43e3-4248-9929-ca0e4ca0d101-59,200,OK,Thread Group 1-1,text,true,,796,873,2,2,https://incoming.telemetry.mozilla.org/submit/firefox-desktop/usage-reporting/1/668c993a-43e3-4248-9929-ca0e4ca0d101,272,0,0
1741249567167,253,Find flights/v1/3.0/projects/lXviifSA1NskA4wsG9N6WoWg/events/clicks?api_key=8RWMCGFX4X0IRY1GHWDM3HM5WDSJF9LP62BSDULOL3XK7WAIFGDB7EU526O1A0UPLH1S8SJP320LUXJKCHLJX1822GU1KFE80CNW6PXVZ83IOO6LJ731EN164IFVUFMC8DOGYP2MXHN47WGVB192F2PTQRQXCF95OJWAKGOH9S69DZAI5OPJW8QSPDE6LQQ9-52,204,No Content,Thread Group 1-2,text,true,,605,4248,2,2,https://blazemeter.datapipe.prodperfect.com/v1/3.0/projects/lXviifSA1NskA4wsG9N6WoWg/events/clicks?api_key=8RWMCGFX4X0IRY1GHWDM3HM5WDSJF9LP62BSDULOL3XK7WAIFGDB7EU526O1A0UPLH1S8SJP320LUXJKCHLJX1822GU1KFE80CNW6PXVZ83IOO6LJ731EN164IFVUFMC8DOGYP2MXHN47WGVB192F2PTQRQXCF95OJWAKGOH9S69DZAI5OPJW8QSPDE6LQQ9,0,0,0
1741249567190,297,Find flights/submit/firefox-desktop/newtab/1/257c7b65-4c23-4879-b27f-fa66fb6eec3e-60,200,OK,Thread Group 1-1,text,true,,869,3332,2,2,https://incoming.telemetry.mozilla.org/submit/firefox-desktop/newtab/1/257c7b65-4c23-4879-b27f-fa66fb6eec3e,297,0,0
1741249567421,264,Find flights/v1/3.0/projects/lXviifSA1NskA4wsG9N6WoWg/events/form_submissions?api_key=8RWMCGFX4X0IRY1GHWDM3HM5WDSJF9LP62BSDULOL3XK7WAIFGDB7EU526O1A0UPLH1S8SJP320LUXJKCHLJX1822GU1KFE80CNW6PXVZ83IOO6LJ731EN164IFVUFMC8DOGYP2MXHN47WGVB192F2PTQRQXCF95OJWAKGOH9S69DZAI5OPJW8QSPDE6LQQ9-53,204,No Content,Thread Group 1-2,text,true,,605,3976,2,2,https://blazemeter.datapipe.prodperfect.com/v1/3.0/projects/lXviifSA1NskA4wsG9N6WoWg/events/form_submissions?api_key=8RWMCGFX4X0IRY1GHWDM3HM5WDSJF9LP62BSDULOL3XK7WAIFGDB7EU526O1A0UPLH1S8SJP320LUXJKCHLJX1822GU1KFE80CNW6PXVZ83IOO6LJ731EN164IFVUFMC8DOGYP2MXHN47WGVB192F2PTQRQXCF95OJWAKGOH9S69DZAI5OPJW8QSPDE6LQQ9,0,0,0
1741249567488,286,Find flights/submit/firefox-desktop/events/1/d7266e3d-09b6-480c-b436-1afad7430fba-61,200,OK,Thread Group 1-1,text,true,,826,3841,2,2,https://incoming.telemetry.mozilla.org/submit/firefox-desktop/events/1/d7266e3d-09b6-480c-b436-1afad7430fba,286,0,0
1741249567775,245,Find flights/submit/firefox-desktop/messaging-system/1/2aeba53b-7608-4487-b99b-fa823f070fe3-62,200,OK,Thread Group 1-1,text,true,,905,2133,2,2,https://incoming.telemetry.mozilla.org/submit/firefox-desktop/messaging-system/1/2aeba53b-7608-4487-b99b-fa823f070fe3,245,0,0
1741249568021,276,Find flights/submit/firefox-desktop/top-sites/1/99a63e5d-79e3-4583-a441-e21e36f188d7-63,200,OK,Thread Group 1-1,text,true,,824,2498,2,2,https://incoming.telemetry.mozilla.org/submit/firefox-desktop/top-sites/1/99a63e5d-79e3-4583-a441-e21e36f188d7,276,0,0
1741249567685,668,Find flights/v1/3.0/projects/lXviifSA1NskA4wsG9N6WoWg/events/pageunloads?api_key=8RWMCGFX4X0IRY1GHWDM3HM5WDSJF9LP62BSDULOL3XK7WAIFGDB7EU526O1A0UPLH1S8SJP320LUXJKCHLJX1822GU1KFE80CNW6PXVZ83IOO6LJ731EN164IFVUFMC8DOGYP2MXHN47WGVB192F2PTQRQXCF95OJWAKGOH9S69DZAI5OPJW8QSPDE6LQQ9-55,204,No Content,Thread Group 1-2,text,true,,605,2707,2,2,https://blazemeter.datapipe.prodperfect.com/v1/3.0/projects/lXviifSA1NskA4wsG9N6WoWg/events/pageunloads?api_key=8RWMCGFX4X0IRY1GHWDM3HM5WDSJF9LP62BSDULOL3XK7WAIFGDB7EU526O1A0UPLH1S8SJP320LUXJKCHLJX1822GU1KFE80CNW6PXVZ83IOO6LJ731EN164IFVUFMC8DOGYP2MXHN47WGVB192F2PTQRQXCF95OJWAKGOH9S69DZAI5OPJW8QSPDE6LQQ9,0,0,0
1741249568353,228,Find flights/submit/firefox-desktop/newtab/1/6655cb2c-8f14-4908-a72f-cd90aebef034-56,200,OK,Thread Group 1-2,text,true,,856,1493,2,2,https://incoming.telemetry.mozilla.org/submit/firefox-desktop/newtab/1/6655cb2c-8f14-4908-a72f-cd90aebef034,228,0,0
1741249568298,305,Find flights/submit/firefox-desktop/newtab/1/aa00b614-3cd8-4486-9465-da240cb3f29a-64,200,OK,Thread Group 1-1,text,true,,708,3695,2,2,https://incoming.telemetry.mozilla.org/submit/firefox-desktop/newtab/1/aa00b614-3cd8-4486-9465-da240cb3f29a,305,0,0
1741249568603,277,Find flights/submit/firefox-desktop/messaging-system/1/69ca335b-c575-4a1f-a8b2-ed7d96f55159-65,200,OK,Thread Group 1-1,text,true,,823,2238,2,2,https://incoming.telemetry.mozilla.org/submit/firefox-desktop/messaging-system/1/69ca335b-c575-4a1f-a8b2-ed7d96f55159,277,0,0
1741249568581,403,Find flights/reserve.php-54,200,OK,Thread Group 1-2,text,true,,2338,626,2,2,https://blazedemo.com/reserve.php,402,0,0
1741249568882,512,Find flights/submit/firefox-desktop/newtab/1/634932e7-4c77-4512-b649-a78b55291eb1-66,200,OK,Thread Group 1-1,text,true,,714,2836,2,2,https://incoming.telemetry.mozilla.org/submit/firefox-desktop/newtab/1/634932e7-4c77-4512-b649-a78b55291eb1,512,0,0
1741249568985,409,Find flights/submit/firefox-desktop/baseline/1/059b1329-e128-43ac-80b5-8ad960a52b6f-57,200,OK,Thread Group 1-2,text,true,,817,2328,2,2,https://incoming.telemetry.mozilla.org/submit/firefox-desktop/baseline/1/059b1329-e128-43ac-80b5-8ad960a52b6f,409,0,0
1741249569394,675,Find flights/v1/3.0/projects/lXviifSA1NskA4wsG9N6WoWg/events/pageviews?api_key=8RWMCGFX4X0IRY1GHWDM3HM5WDSJF9LP62BSDULOL3XK7WAIFGDB7EU526O1A0UPLH1S8SJP320LUXJKCHLJX1822GU1KFE80CNW6PXVZ83IOO6LJ731EN164IFVUFMC8DOGYP2MXHN47WGVB192F2PTQRQXCF95OJWAKGOH9S69DZAI5OPJW8QSPDE6LQQ9-58,204,No Content,Thread Group 1-2,text,true,,605,2778,2,2,https://blazemeter.datapipe.prodperfect.com/v1/3.0/projects/lXviifSA1NskA4wsG9N6WoWg/events/pageviews?api_key=8RWMCGFX4X0IRY1GHWDM3HM5WDSJF9LP62BSDULOL3XK7WAIFGDB7EU526O1A0UPLH1S8SJP320LUXJKCHLJX1822GU1KFE80CNW6PXVZ83IOO6LJ731EN164IFVUFMC8DOGYP2MXHN47WGVB192F2PTQRQXCF95OJWAKGOH9S69DZAI5OPJW8QSPDE6LQQ9,0,0,0
1741249569394,678,Choose flight/v1/3.0/projects/lXviifSA1NskA4wsG9N6WoWg/events/form_submissions?api_key=8RWMCGFX4X0IRY1GHWDM3HM5WDSJF9LP62BSDULOL3XK7WAIFGDB7EU526O1A0UPLH1S8SJP320LUXJKCHLJX1822GU1KFE80CNW6PXVZ83IOO6LJ731EN164IFVUFMC8DOGYP2MXHN47WGVB192F2PTQRQXCF95OJWAKGOH9S69DZAI5OPJW8QSPDE6LQQ9-68,204,No Content,Thread Group 1-1,text,true,,605,4425,2,2,https://blazemeter.datapipe.prodperfect.com/v1/3.0/projects/lXviifSA1NskA4wsG9N6WoWg/events/form_submissions?api_key=8RWMCGFX4X0IRY1GHWDM3HM5WDSJF9LP62BSDULOL3XK7WAIFGDB7EU526O1A0UPLH1S8SJP320LUXJKCHLJX1822GU1KFE80CNW6PXVZ83IOO6LJ731EN164IFVUFMC8DOGYP2MXHN47WGVB192F2PTQRQXCF95OJWAKGOH9S69DZAI5OPJW8QSPDE6LQQ9,0,0,0
1741249570070,271,Find flights/submit/firefox-desktop/usage-reporting/1/668c993a-43e3-4248-9929-ca0e4ca0d101-59,200,OK,Thread Group 1-2,text,true,,921,873,2,2,https://incoming.telemetry.mozilla.org/submit/firefox-desktop/usage-reporting/1/668c993a-43e3-4248-9929-ca0e4ca0d101,270,0,0
1741249570341,272,Find flights/submit/firefox-desktop/newtab/1/257c7b65-4c23-4879-b27f-fa66fb6eec3e-60,200,OK,Thread Group 1-2,text,true,,784,3332,2,2,https://incoming.telemetry.mozilla.org/submit/firefox-desktop/newtab/1/257c7b65-4c23-4879-b27f-fa66fb6eec3e,271,0,0
1741249570073,686,Choose flight/v1/3.0/projects/lXviifSA1NskA4wsG9N6WoWg/events/clicks?api_key=8RWMCGFX4X0IRY1GHWDM3HM5WDSJF9LP62BSDULOL3XK7WAIFGDB7EU526O1A0UPLH1S8SJP320LUXJKCHLJX1822GU1KFE80CNW6PXVZ83IOO6LJ731EN164IFVUFMC8DOGYP2MXHN47WGVB192F2PTQRQXCF95OJWAKGOH9S69DZAI5OPJW8QSPDE6LQQ9-67,204,No Content,Thread Group 1-1,text,true,,605,4363,2,2,https://blazemeter.datapipe.prodperfect.com/v1/3.0/projects/lXviifSA1NskA4wsG9N6WoWg/events/clicks?api_key=8RWMCGFX4X0IRY1GHWDM3HM5WDSJF9LP62BSDULOL3XK7WAIFGDB7EU526O1A0UPLH1S8SJP320LUXJKCHLJX1822GU1KFE80CNW6PXVZ83IOO6LJ731EN164IFVUFMC8DOGYP2MXHN47WGVB192F2PTQRQXCF95OJWAKGOH9S69DZAI5OPJW8QSPDE6LQQ9,0,0,0
1741249570613,269,Find flights/submit/firefox-desktop/events/1/d7266e3d-09b6-480c-b436-1afad7430fba-61,200,OK,Thread Group 1-2,text,true,,865,3841,2,2,https://incoming.telemetry.mozilla.org/submit/firefox-desktop/events/1/d7266e3d-09b6-480c-b436-1afad7430fba,269,0,0
1741249570883,270,Find flights/submit/firefox-desktop/messaging-system/1/2aeba53b-7608-4487-b99b-fa823f070fe3-62,200,OK,Thread Group 1-2,text,true,,871,2133,2,2,https://incoming.telemetry.mozilla.org/submit/firefox-desktop/messaging-system/1/2aeba53b-7608-4487-b99b-fa823f070fe3,270,0,0
1741249571154,241,Find flights/submit/firefox-desktop/top-sites/1/99a63e5d-79e3-4583-a441-e21e36f188d7-63,200,OK,Thread Group 1-2,text,true,,856,2498,2,2,https://incoming.telemetry.mozilla.org/submit/firefox-desktop/top-sites/1/99a63e5d-79e3-4583-a441-e21e36f188d7,241,0,0
1741249570760,686,Choose flight/v1/3.0/projects/lXviifSA1NskA4wsG9N6WoWg/events/pageunloads?api_key=8RWMCGFX4X0IRY1GHWDM3HM5WDSJF9LP62BSDULOL3XK7WAIFGDB7EU526O1A0UPLH1S8SJP320LUXJKCHLJX1822GU1KFE80CNW6PXVZ83IOO6LJ731EN164IFVUFMC8DOGYP2MXHN47WGVB192F2PTQRQXCF95OJWAKGOH9S69DZAI5OPJW8QSPDE6LQQ9-70,204,No Content,Thread Group 1-1,text,true,,605,2785,2,2,https://blazemeter.datapipe.prodperfect.com/v1/3.0/projects/lXviifSA1NskA4wsG9N6WoWg/events/pageunloads?api_key=8RWMCGFX4X0IRY1GHWDM3HM5WDSJF9LP62BSDULOL3XK7WAIFGDB7EU526O1A0UPLH1S8SJP320LUXJKCHLJX1822GU1KFE80CNW6PXVZ83IOO6LJ731EN164IFVUFMC8DOGYP2MXHN47WGVB192F2PTQRQXCF95OJWAKGOH9S69DZAI5OPJW8QSPDE6LQQ9,0,0,0
1741249571396,244,Find flights/submit/firefox-desktop/newtab/1/aa00b614-3cd8-4486-9465-da240cb3f29a-64,200,OK,Thread Group 1-2,text,true,,768,3695,2,2,https://incoming.telemetry.mozilla.org/submit/firefox-desktop/newtab/1/aa00b614-3cd8-4486-9465-da240cb3f29a,244,0,0
1741249571447,377,Choose flight/purchase.php-69,200,OK,Thread Group 1-1,text,true,,2563,684,2,2,https://blazedemo.com/purchase.php,376,0,0
1741249571641,275,Find flights/submit/firefox-desktop/messaging-system/1/69ca335b-c575-4a1f-a8b2-ed7d96f55159-65,200,OK,Thread Group 1-2,text,true,,811,2238,2,2,https://incoming.telemetry.mozilla.org/submit/firefox-desktop/messaging-system/1/69ca335b-c575-4a1f-a8b2-ed7d96f55159,275,0,0
1741249571917,263,Find flights/submit/firefox-desktop/newtab/1/634932e7-4c77-4512-b649-a78b55291eb1-66,200,OK,Thread Group 1-2,text,true,,728,2836,2,2,https://incoming.telemetry.mozilla.org/submit/firefox-desktop/newtab/1/634932e7-4c77-4512-b649-a78b55291eb1,263,0,0
1741249571824,659,Choose flight/v1/3.0/projects/lXviifSA1NskA4wsG9N6WoWg/events/pageviews?api_key=8RWMCGFX4X0IRY1GHWDM3HM5WDSJF9LP62BSDULOL3XK7WAIFGDB7EU526O1A0UPLH1S8SJP320LUXJKCHLJX1822GU1KFE80CNW6PXVZ83IOO6LJ731EN164IFVUFMC8DOGYP2MXHN47WGVB192F2PTQRQXCF95OJWAKGOH9S69DZAI5OPJW8QSPDE6LQQ9-71,204,No Content,Thread Group 1-1,text,true,,605,2796,2,2,https://blazemeter.datapipe.prodperfect.com/v1/3.0/projects/lXviifSA1NskA4wsG9N6WoWg/events/pageviews?api_key=8RWMCGFX4X0IRY1GHWDM3HM5WDSJF9LP62BSDULOL3XK7WAIFGDB7EU526O1A0UPLH1S8SJP320LUXJKCHLJX1822GU1KFE80CNW6PXVZ83IOO6LJ731EN164IFVUFMC8DOGYP2MXHN47WGVB192F2PTQRQXCF95OJWAKGOH9S69DZAI5OPJW8QSPDE6LQQ9,0,0,0
1741249572484,245,Book flight/submit/firefox-desktop/newtab/1/139f6479-c5ea-414b-ae98-7a3a287b380d-72,200,OK,Thread Group 1-1,text,true,,735,3399,2,2,https://incoming.telemetry.mozilla.org/submit/firefox-desktop/newtab/1/139f6479-c5ea-414b-ae98-7a3a287b380d,245,0,0
1741249572181,688,Choose flight/v1/3.0/projects/lXviifSA1NskA4wsG9N6WoWg/events/form_submissions?api_key=8RWMCGFX4X0IRY1GHWDM3HM5WDSJF9LP62BSDULOL3XK7WAIFGDB7EU526O1A0UPLH1S8SJP320LUXJKCHLJX1822GU1KFE80CNW6PXVZ83IOO6LJ731EN164IFVUFMC8DOGYP2MXHN47WGVB192F2PTQRQXCF95OJWAKGOH9S69DZAI5OPJW8QSPDE6LQQ9-68,204,No Content,Thread Group 1-2,text,true,,605,4425,2,2,https://blazemeter.datapipe.prodperfect.com/v1/3.0/projects/lXviifSA1NskA4wsG9N6WoWg/events/form_submissions?api_key=8RWMCGFX4X0IRY1GHWDM3HM5WDSJF9LP62BSDULOL3XK7WAIFGDB7EU526O1A0UPLH1S8SJP320LUXJKCHLJX1822GU1KFE80CNW6PXVZ83IOO6LJ731EN164IFVUFMC8DOGYP2MXHN47WGVB192F2PTQRQXCF95OJWAKGOH9S69DZAI5OPJW8QSPDE6LQQ9,0,0,0
1741249572730,273,Book flight/submit/firefox-desktop/use-counters/1/99f766a8-d975-4db2-8959-cf1598378ed8-73,200,OK,Thread Group 1-1,text,true,,714,6546,2,2,https://incoming.telemetry.mozilla.org/submit/firefox-desktop/use-counters/1/99f766a8-d975-4db2-8959-cf1598378ed8,273,0,0
1741249572870,762,Choose flight/v1/3.0/projects/lXviifSA1NskA4wsG9N6WoWg/events/clicks?api_key=8RWMCGFX4X0IRY1GHWDM3HM5WDSJF9LP62BSDULOL3XK7WAIFGDB7EU526O1A0UPLH1S8SJP320LUXJKCHLJX1822GU1KFE80CNW6PXVZ83IOO6LJ731EN164IFVUFMC8DOGYP2MXHN47WGVB192F2PTQRQXCF95OJWAKGOH9S69DZAI5OPJW8QSPDE6LQQ9-67,204,No Content,Thread Group 1-2,text,true,,605,4363,2,2,https://blazemeter.datapipe.prodperfect.com/v1/3.0/projects/lXviifSA1NskA4wsG9N6WoWg/events/clicks?api_key=8RWMCGFX4X0IRY1GHWDM3HM5WDSJF9LP62BSDULOL3XK7WAIFGDB7EU526O1A0UPLH1S8SJP320LUXJKCHLJX1822GU1KFE80CNW6PXVZ83IOO6LJ731EN164IFVUFMC8DOGYP2MXHN47WGVB192F2PTQRQXCF95OJWAKGOH9S69DZAI5OPJW8QSPDE6LQQ9,0,0,0
1741249573004,687,Book flight/v1/3.0/projects/lXviifSA1NskA4wsG9N6WoWg/events/clicks?api_key=8RWMCGFX4X0IRY1GHWDM3HM5WDSJF9LP62BSDULOL3XK7WAIFGDB7EU526O1A0UPLH1S8SJP320LUXJKCHLJX1822GU1KFE80CNW6PXVZ83IOO6LJ731EN164IFVUFMC8DOGYP2MXHN47WGVB192F2PTQRQXCF95OJWAKGOH9S69DZAI5OPJW8QSPDE6LQQ9-74,204,No Content,Thread Group 1-1,text,true,,605,4531,2,2,https://blazemeter.datapipe.prodperfect.com/v1/3.0/projects/lXviifSA1NskA4wsG9N6WoWg/events/clicks?api_key=8RWMCGFX4X0IRY1GHWDM3HM5WDSJF9LP62BSDULOL3XK7WAIFGDB7EU526O1A0UPLH1S8SJP320LUXJKCHLJX1822GU1KFE80CNW6PXVZ83IOO6LJ731EN164IFVUFMC8DOGYP2MXHN47WGVB192F2PTQRQXCF95OJWAKGOH9S69DZAI5OPJW8QSPDE6LQQ9,0,0,0
1741249573633,688,Choose flight/v1/3.0/projects/lXviifSA1NskA4wsG9N6WoWg/events/pageunloads?api_key=8RWMCGFX4X0IRY1GHWDM3HM5WDSJF9LP62BSDULOL3XK7WAIFGDB7EU526O1A0UPLH1S8SJP320LUXJKCHLJX1822GU1KFE80CNW6PXVZ83IOO6LJ731EN164IFVUFMC8DOGYP2MXHN47WGVB192F2PTQRQXCF95OJWAKGOH9S69DZAI5OPJW8QSPDE6LQQ9-70,204,No Content,Thread Group 1-2,text,true,,605,2785,2,2,https://blazemeter.datapipe.prodperfect.com/v1/3.0/projects/lXviifSA1NskA4wsG9N6WoWg/events/pageunloads?api_key=8RWMCGFX4X0IRY1GHWDM3HM5WDSJF9LP62BSDULOL3XK7WAIFGDB7EU526O1A0UPLH1S8SJP320LUXJKCHLJX1822GU1KFE80CNW6PXVZ83IOO6LJ731EN164IFVUFMC8DOGYP2MXHN47WGVB192F2PTQRQXCF95OJWAKGOH9S69DZAI5OPJW8QSPDE6LQQ9,0,0,0
1741249573692,676,Book flight/v1/3.0/projects/lXviifSA1NskA4wsG9N6WoWg/events/changes?api_key=8RWMCGFX4X0IRY1GHWDM3HM5WDSJF9LP62BSDULOL3XK7WAIFGDB7EU526O1A0UPLH1S8SJP320LUXJKCHLJX1822GU1KFE80CNW6PXVZ83IOO6LJ731EN164IFVUFMC8DOGYP2MXHN47WGVB192F2PTQRQXCF95OJWAKGOH9S69DZAI5OPJW8QSPDE6LQQ9-75,204,No Content,Thread Group 1-1,text,true,,605,4532,2,2,https://blazemeter.datapipe.prodperfect.com/v1/3.0/projects/lXviifSA1NskA4wsG9N6WoWg/events/changes?api_key=8RWMCGFX4X0IRY1GHWDM3HM5WDSJF9LP62BSDULOL3XK7WAIFGDB7EU526O1A0UPLH1S8SJP320LUXJKCHLJX1822GU1KFE80CNW6PXVZ83IOO6LJ731EN164IFVUFMC8DOGYP2MXHN47WGVB192F2PTQRQXCF95OJWAKGOH9S69DZAI5OPJW8QSPDE6LQQ9,0,0,0
1741249574322,390,Choose flight/purchase.php-69,200,OK,Thread Group 1-2,text,true,,2519,684,2,2,https://blazedemo.com/purchase.php,387,0,0
1741249574369,688,Book flight/v1/3.0/projects/lXviifSA1NskA4wsG9N6WoWg/events/changes?api_key=8RWMCGFX4X0IRY1GHWDM3HM5WDSJF9LP62BSDULOL3XK7WAIFGDB7EU526O1A0UPLH1S8SJP320LUXJKCHLJX1822GU1KFE80CNW6PXVZ83IOO6LJ731EN164IFVUFMC8DOGYP2MXHN47WGVB192F2PTQRQXCF95OJWAKGOH9S69DZAI5OPJW8QSPDE6LQQ9-76,204,No Content,Thread Group 1-1,text,true,,605,4522,2,2,https://blazemeter.datapipe.prodperfect.com/v1/3.0/projects/lXviifSA1NskA4wsG9N6WoWg/events/changes?api_key=8RWMCGFX4X0IRY1GHWDM3HM5WDSJF9LP62BSDULOL3XK7WAIFGDB7EU526O1A0UPLH1S8SJP320LUXJKCHLJX1822GU1KFE80CNW6PXVZ83IOO6LJ731EN164IFVUFMC8DOGYP2MXHN47WGVB192F2PTQRQXCF95OJWAKGOH9S69DZAI5OPJW8QSPDE6LQQ9,0,0,0
1741249574713,678,Choose flight/v1/3.0/projects/lXviifSA1NskA4wsG9N6WoWg/events/pageviews?api_key=8RWMCGFX4X0IRY1GHWDM3HM5WDSJF9LP62BSDULOL3XK7WAIFGDB7EU526O1A0UPLH1S8SJP320LUXJKCHLJX1822GU1KFE80CNW6PXVZ83IOO6LJ731EN164IFVUFMC8DOGYP2MXHN47WGVB192F2PTQRQXCF95OJWAKGOH9S69DZAI5OPJW8QSPDE6LQQ9-71,204,No Content,Thread Group 1-2,text,true,,605,2796,2,2,https://blazemeter.datapipe.prodperfect.com/v1/3.0/projects/lXviifSA1NskA4wsG9N6WoWg/events/pageviews?api_key=8RWMCGFX4X0IRY1GHWDM3HM5WDSJF9LP62BSDULOL3XK7WAIFGDB7EU526O1A0UPLH1S8SJP320LUXJKCHLJX1822GU1KFE80CNW6PXVZ83IOO6LJ731EN164IFVUFMC8DOGYP2MXHN47WGVB192F2PTQRQXCF95OJWAKGOH9S69DZAI5OPJW8QSPDE6LQQ9,0,0,0
1741249575392,270,Book flight/submit/firefox-desktop/newtab/1/139f6479-c5ea-414b-ae98-7a3a287b380d-72,200,OK,Thread Group 1-2,text,true,,739,3399,2,2,https://incoming.telemetry.mozilla.org/submit/firefox-desktop/newtab/1/139f6479-c5ea-414b-ae98-7a3a287b380d,270,0,0
1741249575058,692,Book flight/v1/3.0/projects/lXviifSA1NskA4wsG9N6WoWg/events/changes?api_key=8RWMCGFX4X0IRY1GHWDM3HM5WDSJF9LP62BSDULOL3XK7WAIFGDB7EU526O1A0UPLH1S8SJP320LUXJKCHLJX1822GU1KFE80CNW6PXVZ83IOO6LJ731EN164IFVUFMC8DOGYP2MXHN47WGVB192F2PTQRQXCF95OJWAKGOH9S69DZAI5OPJW8QSPDE6LQQ9-77,204,No Content,Thread Group 1-1,text,true,,605,4499,2,2,https://blazemeter.datapipe.prodperfect.com/v1/3.0/projects/lXviifSA1NskA4wsG9N6WoWg/events/changes?api_key=8RWMCGFX4X0IRY1GHWDM3HM5WDSJF9LP62BSDULOL3XK7WAIFGDB7EU526O1A0UPLH1S8SJP320LUXJKCHLJX1822GU1KFE80CNW6PXVZ83IOO6LJ731EN164IFVUFMC8DOGYP2MXHN47WGVB192F2PTQRQXCF95OJWAKGOH9S69DZAI5OPJW8QSPDE6LQQ9,0,0,0
1741249575663,241,Book flight/submit/firefox-desktop/use-counters/1/99f766a8-d975-4db2-8959-cf1598378ed8-73,200,OK,Thread Group 1-2,text,true,,779,6546,2,2,https://incoming.telemetry.mozilla.org/submit/firefox-desktop/use-counters/1/99f766a8-d975-4db2-8959-cf1598378ed8,240,0,0
1741249575751,693,Book flight/v1/3.0/projects/lXviifSA1NskA4wsG9N6WoWg/events/changes?api_key=8RWMCGFX4X0IRY1GHWDM3HM5WDSJF9LP62BSDULOL3XK7WAIFGDB7EU526O1A0UPLH1S8SJP320LUXJKCHLJX1822GU1KFE80CNW6PXVZ83IOO6LJ731EN164IFVUFMC8DOGYP2MXHN47WGVB192F2PTQRQXCF95OJWAKGOH9S69DZAI5OPJW8QSPDE6LQQ9-78,204,No Content,Thread Group 1-1,text,true,,605,4499,2,2,https://blazemeter.datapipe.prodperfect.com/v1/3.0/projects/lXviifSA1NskA4wsG9N6WoWg/events/changes?api_key=8RWMCGFX4X0IRY1GHWDM3HM5WDSJF9LP62BSDULOL3XK7WAIFGDB7EU526O1A0UPLH1S8SJP320LUXJKCHLJX1822GU1KFE80CNW6PXVZ83IOO6LJ731EN164IFVUFMC8DOGYP2MXHN47WGVB192F2PTQRQXCF95OJWAKGOH9S69DZAI5OPJW8QSPDE6LQQ9,0,0,0
1741249575905,674,Book flight/v1/3.0/projects/lXviifSA1NskA4wsG9N6WoWg/events/clicks?api_key=8RWMCGFX4X0IRY1GHWDM3HM5WDSJF9LP62BSDULOL3XK7WAIFGDB7EU526O1A0UPLH1S8SJP320LUXJKCHLJX1822GU1KFE80CNW6PXVZ83IOO6LJ731EN164IFVUFMC8DOGYP2MXHN47WGVB192F2PTQRQXCF95OJWAKGOH9S69DZAI5OPJW8QSPDE6LQQ9-74,204,No Content,Thread Group 1-2,text,true,,605,4531,2,2,https://blazemeter.datapipe.prodperfect.com/v1/3.0/projects/lXviifSA1NskA4wsG9N6WoWg/events/clicks?api_key=8RWMCGFX4X0IRY1GHWDM3HM5WDSJF9LP62BSDULOL3XK7WAIFGDB7EU526O1A0UPLH1S8SJP320LUXJKCHLJX1822GU1KFE80CNW6PXVZ83IOO6LJ731EN164IFVUFMC8DOGYP2MXHN47WGVB192F2PTQRQXCF95OJWAKGOH9S69DZAI5OPJW8QSPDE6LQQ9,0,0,0
1741249576445,682,Book flight/v1/3.0/projects/lXviifSA1NskA4wsG9N6WoWg/events/changes?api_key=8RWMCGFX4X0IRY1GHWDM3HM5WDSJF9LP62BSDULOL3XK7WAIFGDB7EU526O1A0UPLH1S8SJP320LUXJKCHLJX1822GU1KFE80CNW6PXVZ83IOO6LJ731EN164IFVUFMC8DOGYP2MXHN47WGVB192F2PTQRQXCF95OJWAKGOH9S69DZAI5OPJW8QSPDE6LQQ9-79,204,No Content,Thread Group 1-1,text,true,,605,4503,2,2,https://blazemeter.datapipe.prodperfect.com/v1/3.0/projects/lXviifSA1NskA4wsG9N6WoWg/events/changes?api_key=8RWMCGFX4X0IRY1GHWDM3HM5WDSJF9LP62BSDULOL3XK7WAIFGDB7EU526O1A0UPLH1S8SJP320LUXJKCHLJX1822GU1KFE80CNW6PXVZ83IOO6LJ731EN164IFVUFMC8DOGYP2MXHN47WGVB192F2PTQRQXCF95OJWAKGOH9S69DZAI5OPJW8QSPDE6LQQ9,0,0,0
1741249576578,695,Book flight/v1/3.0/projects/lXviifSA1NskA4wsG9N6WoWg/events/changes?api_key=8RWMCGFX4X0IRY1GHWDM3HM5WDSJF9LP62BSDULOL3XK7WAIFGDB7EU526O1A0UPLH1S8SJP320LUXJKCHLJX1822GU1KFE80CNW6PXVZ83IOO6LJ731EN164IFVUFMC8DOGYP2MXHN47WGVB192F2PTQRQXCF95OJWAKGOH9S69DZAI5OPJW8QSPDE6LQQ9-75,204,No Content,Thread Group 1-2,text,true,,605,4532,2,2,https://blazemeter.datapipe.prodperfect.com/v1/3.0/projects/lXviifSA1NskA4wsG9N6WoWg/events/changes?api_key=8RWMCGFX4X0IRY1GHWDM3HM5WDSJF9LP62BSDULOL3XK7WAIFGDB7EU526O1A0UPLH1S8SJP320LUXJKCHLJX1822GU1KFE80CNW6PXVZ83IOO6LJ731EN164IFVUFMC8DOGYP2MXHN47WGVB192F2PTQRQXCF95OJWAKGOH9S69DZAI5OPJW8QSPDE6LQQ9,0,0,0
1741249577127,711,Book flight/v1/3.0/projects/lXviifSA1NskA4wsG9N6WoWg/events/changes?api_key=8RWMCGFX4X0IRY1GHWDM3HM5WDSJF9LP62BSDULOL3XK7WAIFGDB7EU526O1A0UPLH1S8SJP320LUXJKCHLJX1822GU1KFE80CNW6PXVZ83IOO6LJ731EN164IFVUFMC8DOGYP2MXHN47WGVB192F2PTQRQXCF95OJWAKGOH9S69DZAI5OPJW8QSPDE6LQQ9-80,204,No Content,Thread Group 1-1,text,true,,605,4515,2,2,https://blazemeter.datapipe.prodperfect.com/v1/3.0/projects/lXviifSA1NskA4wsG9N6WoWg/events/changes?api_key=8RWMCGFX4X0IRY1GHWDM3HM5WDSJF9LP62BSDULOL3XK7WAIFGDB7EU526O1A0UPLH1S8SJP320LUXJKCHLJX1822GU1KFE80CNW6PXVZ83IOO6LJ731EN164IFVUFMC8DOGYP2MXHN47WGVB192F2PTQRQXCF95OJWAKGOH9S69DZAI5OPJW8QSPDE6LQQ9,0,0,0
1741249577275,685,Book flight/v1/3.0/projects/lXviifSA1NskA4wsG9N6WoWg/events/changes?api_key=8RWMCGFX4X0IRY1GHWDM3HM5WDSJF9LP62BSDULOL3XK7WAIFGDB7EU526O1A0UPLH1S8SJP320LUXJKCHLJX1822GU1KFE80CNW6PXVZ83IOO6LJ731EN164IFVUFMC8DOGYP2MXHN47WGVB192F2PTQRQXCF95OJWAKGOH9S69DZAI5OPJW8QSPDE6LQQ9-76,204,No Content,Thread Group 1-2,text,true,,605,4522,2,2,https://blazemeter.datapipe.prodperfect.com/v1/3.0/projects/lXviifSA1NskA4wsG9N6WoWg/events/changes?api_key=8RWMCGFX4X0IRY1GHWDM3HM5WDSJF9LP62BSDULOL3XK7WAIFGDB7EU526O1A0UPLH1S8SJP320LUXJKCHLJX1822GU1KFE80CNW6PXVZ83IOO6LJ731EN164IFVUFMC8DOGYP2MXHN47WGVB192F2PTQRQXCF95OJWAKGOH9S69DZAI5OPJW8QSPDE6LQQ9,0,0,0
1741249577839,679,Book flight/v1/3.0/projects/lXviifSA1NskA4wsG9N6WoWg/events/clicks?api_key=8RWMCGFX4X0IRY1GHWDM3HM5WDSJF9LP62BSDULOL3XK7WAIFGDB7EU526O1A0UPLH1S8SJP320LUXJKCHLJX1822GU1KFE80CNW6PXVZ83IOO6LJ731EN164IFVUFMC8DOGYP2MXHN47WGVB192F2PTQRQXCF95OJWAKGOH9S69DZAI5OPJW8QSPDE6LQQ9-81,204,No Content,Thread Group 1-1,text,true,,605,4531,2,2,https://blazemeter.datapipe.prodperfect.com/v1/3.0/projects/lXviifSA1NskA4wsG9N6WoWg/events/clicks?api_key=8RWMCGFX4X0IRY1GHWDM3HM5WDSJF9LP62BSDULOL3XK7WAIFGDB7EU526O1A0UPLH1S8SJP320LUXJKCHLJX1822GU1KFE80CNW6PXVZ83IOO6LJ731EN164IFVUFMC8DOGYP2MXHN47WGVB192F2PTQRQXCF95OJWAKGOH9S69DZAI5OPJW8QSPDE6LQQ9,0,0,0
1741249577962,683,Book flight/v1/3.0/projects/lXviifSA1NskA4wsG9N6WoWg/events/changes?api_key=8RWMCGFX4X0IRY1GHWDM3HM5WDSJF9LP62BSDULOL3XK7WAIFGDB7EU526O1A0UPLH1S8SJP320LUXJKCHLJX1822GU1KFE80CNW6PXVZ83IOO6LJ731EN164IFVUFMC8DOGYP2MXHN47WGVB192F2PTQRQXCF95OJWAKGOH9S69DZAI5OPJW8QSPDE6LQQ9-77,204,No Content,Thread Group 1-2,text,true,,605,4499,2,2,https://blazemeter.datapipe.prodperfect.com/v1/3.0/projects/lXviifSA1NskA4wsG9N6WoWg/events/changes?api_key=8RWMCGFX4X0IRY1GHWDM3HM5WDSJF9LP62BSDULOL3XK7WAIFGDB7EU526O1A0UPLH1S8SJP320LUXJKCHLJX1822GU1KFE80CNW6PXVZ83IOO6LJ731EN164IFVUFMC8DOGYP2MXHN47WGVB192F2PTQRQXCF95OJWAKGOH9S69DZAI5OPJW8QSPDE6LQQ9,0,0,0
1741249578520,670,Book flight/v1/3.0/projects/lXviifSA1NskA4wsG9N6WoWg/events/changes?api_key=8RWMCGFX4X0IRY1GHWDM3HM5WDSJF9LP62BSDULOL3XK7WAIFGDB7EU526O1A0UPLH1S8SJP320LUXJKCHLJX1822GU1KFE80CNW6PXVZ83IOO6LJ731EN164IFVUFMC8DOGYP2MXHN47WGVB192F2PTQRQXCF95OJWAKGOH9S69DZAI5OPJW8QSPDE6LQQ9-82,204,No Content,Thread Group 1-1,text,true,,605,4532,2,2,https://blazemeter.datapipe.prodperfect.com/v1/3.0/projects/lXviifSA1NskA4wsG9N6WoWg/events/changes?api_key=8RWMCGFX4X0IRY1GHWDM3HM5WDSJF9LP62BSDULOL3XK7WAIFGDB7EU526O1A0UPLH1S8SJP320LUXJKCHLJX1822GU1KFE80CNW6PXVZ83IOO6LJ731EN164IFVUFMC8DOGYP2MXHN47WGVB192F2PTQRQXCF95OJWAKGOH9S69DZAI5OPJW8QSPDE6LQQ9,0,0,0
1741249578645,691,Book flight/v1/3.0/projects/lXviifSA1NskA4wsG9N6WoWg/events/changes?api_key=8RWMCGFX4X0IRY1GHWDM3HM5WDSJF9LP62BSDULOL3XK7WAIFGDB7EU526O1A0UPLH1S8SJP320LUXJKCHLJX1822GU1KFE80CNW6PXVZ83IOO6LJ731EN164IFVUFMC8DOGYP2MXHN47WGVB192F2PTQRQXCF95OJWAKGOH9S69DZAI5OPJW8QSPDE6LQQ9-78,204,No Content,Thread Group 1-2,text,true,,605,4499,2,2,https://blazemeter.datapipe.prodperfect.com/v1/3.0/projects/lXviifSA1NskA4wsG9N6WoWg/events/changes?api_key=8RWMCGFX4X0IRY1GHWDM3HM5WDSJF9LP62BSDULOL3XK7WAIFGDB7EU526O1A0UPLH1S8SJP320LUXJKCHLJX1822GU1KFE80CNW6PXVZ83IOO6LJ731EN164IFVUFMC8DOGYP2MXHN47WGVB192F2PTQRQXCF95OJWAKGOH9S69DZAI5OPJW8QSPDE6LQQ9,0,0,0
1741249579337,255,Book flight/v1/3.0/projects/lXviifSA1NskA4wsG9N6WoWg/events/changes?api_key=8RWMCGFX4X0IRY1GHWDM3HM5WDSJF9LP62BSDULOL3XK7WAIFGDB7EU526O1A0UPLH1S8SJP320LUXJKCHLJX1822GU1KFE80CNW6PXVZ83IOO6LJ731EN164IFVUFMC8DOGYP2MXHN47WGVB192F2PTQRQXCF95OJWAKGOH9S69DZAI5OPJW8QSPDE6LQQ9-79,204,No Content,Thread Group 1-2,text,true,,605,4503,2,2,https://blazemeter.datapipe.prodperfect.com/v1/3.0/projects/lXviifSA1NskA4wsG9N6WoWg/events/changes?api_key=8RWMCGFX4X0IRY1GHWDM3HM5WDSJF9LP62BSDULOL3XK7WAIFGDB7EU526O1A0UPLH1S8SJP320LUXJKCHLJX1822GU1KFE80CNW6PXVZ83IOO6LJ731EN164IFVUFMC8DOGYP2MXHN47WGVB192F2PTQRQXCF95OJWAKGOH9S69DZAI5OPJW8QSPDE6LQQ9,0,0,0
1741249579191,681,Book flight/v1/3.0/projects/lXviifSA1NskA4wsG9N6WoWg/events/clicks?api_key=8RWMCGFX4X0IRY1GHWDM3HM5WDSJF9LP62BSDULOL3XK7WAIFGDB7EU526O1A0UPLH1S8SJP320LUXJKCHLJX1822GU1KFE80CNW6PXVZ83IOO6LJ731EN164IFVUFMC8DOGYP2MXHN47WGVB192F2PTQRQXCF95OJWAKGOH9S69DZAI5OPJW8QSPDE6LQQ9-83,204,No Content,Thread Group 1-1,text,true,,605,4750,2,2,https://blazemeter.datapipe.prodperfect.com/v1/3.0/projects/lXviifSA1NskA4wsG9N6WoWg/events/clicks?api_key=8RWMCGFX4X0IRY1GHWDM3HM5WDSJF9LP62BSDULOL3XK7WAIFGDB7EU526O1A0UPLH1S8SJP320LUXJKCHLJX1822GU1KFE80CNW6PXVZ83IOO6LJ731EN164IFVUFMC8DOGYP2MXHN47WGVB192F2PTQRQXCF95OJWAKGOH9S69DZAI5OPJW8QSPDE6LQQ9,0,0,0
1741249579592,683,Book flight/v1/3.0/projects/lXviifSA1NskA4wsG9N6WoWg/events/changes?api_key=8RWMCGFX4X0IRY1GHWDM3HM5WDSJF9LP62BSDULOL3XK7WAIFGDB7EU526O1A0UPLH1S8SJP320LUXJKCHLJX1822GU1KFE80CNW6PXVZ83IOO6LJ731EN164IFVUFMC8DOGYP2MXHN47WGVB192F2PTQRQXCF95OJWAKGOH9S69DZAI5OPJW8QSPDE6LQQ9-80,204,No Content,Thread Group 1-2,text,true,,605,4515,2,2,https://blazemeter.datapipe.prodperfect.com/v1/3.0/projects/lXviifSA1NskA4wsG9N6WoWg/events/changes?api_key=8RWMCGFX4X0IRY1GHWDM3HM5WDSJF9LP62BSDULOL3XK7WAIFGDB7EU526O1A0UPLH1S8SJP320LUXJKCHLJX1822GU1KFE80CNW6PXVZ83IOO6LJ731EN164IFVUFMC8DOGYP2MXHN47WGVB192F2PTQRQXCF95OJWAKGOH9S69DZAI5OPJW8QSPDE6LQQ9,0,0,0
1741249580276,257,Book flight/v1/3.0/projects/lXviifSA1NskA4wsG9N6WoWg/events/clicks?api_key=8RWMCGFX4X0IRY1GHWDM3HM5WDSJF9LP62BSDULOL3XK7WAIFGDB7EU526O1A0UPLH1S8SJP320LUXJKCHLJX1822GU1KFE80CNW6PXVZ83IOO6LJ731EN164IFVUFMC8DOGYP2MXHN47WGVB192F2PTQRQXCF95OJWAKGOH9S69DZAI5OPJW8QSPDE6LQQ9-81,204,No Content,Thread Group 1-2,text,true,,605,4531,2,2,https://blazemeter.datapipe.prodperfect.com/v1/3.0/projects/lXviifSA1NskA4wsG9N6WoWg/events/clicks?api_key=8RWMCGFX4X0IRY1GHWDM3HM5WDSJF9LP62BSDULOL3XK7WAIFGDB7EU526O1A0UPLH1S8SJP320LUXJKCHLJX1822GU1KFE80CNW6PXVZ83IOO6LJ731EN164IFVUFMC8DOGYP2MXHN47WGVB192F2PTQRQXCF95OJWAKGOH9S69DZAI5OPJW8QSPDE6LQQ9,0,0,0
1741249579873,687,Book flight/v1/3.0/projects/lXviifSA1NskA4wsG9N6WoWg/events/clicks?api_key=8RWMCGFX4X0IRY1GHWDM3HM5WDSJF9LP62BSDULOL3XK7WAIFGDB7EU526O1A0UPLH1S8SJP320LUXJKCHLJX1822GU1KFE80CNW6PXVZ83IOO6LJ731EN164IFVUFMC8DOGYP2MXHN47WGVB192F2PTQRQXCF95OJWAKGOH9S69DZAI5OPJW8QSPDE6LQQ9-84,204,No Content,Thread Group 1-1,text,true,,605,4607,2,2,https://blazemeter.datapipe.prodperfect.com/v1/3.0/projects/lXviifSA1NskA4wsG9N6WoWg/events/clicks?api_key=8RWMCGFX4X0IRY1GHWDM3HM5WDSJF9LP62BSDULOL3XK7WAIFGDB7EU526O1A0UPLH1S8SJP320LUXJKCHLJX1822GU1KFE80CNW6PXVZ83IOO6LJ731EN164IFVUFMC8DOGYP2MXHN47WGVB192F2PTQRQXCF95OJWAKGOH9S69DZAI5OPJW8QSPDE6LQQ9,0,0,0
1741249580534,683,Book flight/v1/3.0/projects/lXviifSA1NskA4wsG9N6WoWg/events/changes?api_key=8RWMCGFX4X0IRY1GHWDM3HM5WDSJF9LP62BSDULOL3XK7WAIFGDB7EU526O1A0UPLH1S8SJP320LUXJKCHLJX1822GU1KFE80CNW6PXVZ83IOO6LJ731EN164IFVUFMC8DOGYP2MXHN47WGVB192F2PTQRQXCF95OJWAKGOH9S69DZAI5OPJW8QSPDE6LQQ9-82,204,No Content,Thread Group 1-2,text,true,,605,4532,2,2,https://blazemeter.datapipe.prodperfect.com/v1/3.0/projects/lXviifSA1NskA4wsG9N6WoWg/events/changes?api_key=8RWMCGFX4X0IRY1GHWDM3HM5WDSJF9LP62BSDULOL3XK7WAIFGDB7EU526O1A0UPLH1S8SJP320LUXJKCHLJX1822GU1KFE80CNW6PXVZ83IOO6LJ731EN164IFVUFMC8DOGYP2MXHN47WGVB192F2PTQRQXCF95OJWAKGOH9S69DZAI5OPJW8QSPDE6LQQ9,0,0,0
1741249580561,685,Book flight/v1/3.0/projects/lXviifSA1NskA4wsG9N6WoWg/events/changes?api_key=8RWMCGFX4X0IRY1GHWDM3HM5WDSJF9LP62BSDULOL3XK7WAIFGDB7EU526O1A0UPLH1S8SJP320LUXJKCHLJX1822GU1KFE80CNW6PXVZ83IOO6LJ731EN164IFVUFMC8DOGYP2MXHN47WGVB192F2PTQRQXCF95OJWAKGOH9S69DZAI5OPJW8QSPDE6LQQ9-85,204,No Content,Thread Group 1-1,text,true,,605,4608,2,2,https://blazemeter.datapipe.prodperfect.com/v1/3.0/projects/lXviifSA1NskA4wsG9N6WoWg/events/changes?api_key=8RWMCGFX4X0IRY1GHWDM3HM5WDSJF9LP62BSDULOL3XK7WAIFGDB7EU526O1A0UPLH1S8SJP320LUXJKCHLJX1822GU1KFE80CNW6PXVZ83IOO6LJ731EN164IFVUFMC8DOGYP2MXHN47WGVB192F2PTQRQXCF95OJWAKGOH9S69DZAI5OPJW8QSPDE6LQQ9,0,0,0
1741249581246,259,Book flight/v1/3.0/projects/lXviifSA1NskA4wsG9N6WoWg/events/clicks?api_key=8RWMCGFX4X0IRY1GHWDM3HM5WDSJF9LP62BSDULOL3XK7WAIFGDB7EU526O1A0UPLH1S8SJP320LUXJKCHLJX1822GU1KFE80CNW6PXVZ83IOO6LJ731EN164IFVUFMC8DOGYP2MXHN47WGVB192F2PTQRQXCF95OJWAKGOH9S69DZAI5OPJW8QSPDE6LQQ9-86,204,No Content,Thread Group 1-1,text,true,,605,4588,2,2,https://blazemeter.datapipe.prodperfect.com/v1/3.0/projects/lXviifSA1NskA4wsG9N6WoWg/events/clicks?api_key=8RWMCGFX4X0IRY1GHWDM3HM5WDSJF9LP62BSDULOL3XK7WAIFGDB7EU526O1A0UPLH1S8SJP320LUXJKCHLJX1822GU1KFE80CNW6PXVZ83IOO6LJ731EN164IFVUFMC8DOGYP2MXHN47WGVB192F2PTQRQXCF95OJWAKGOH9S69DZAI5OPJW8QSPDE6LQQ9,0,0,0
1741249581218,680,Book flight/v1/3.0/projects/lXviifSA1NskA4wsG9N6WoWg/events/clicks?api_key=8RWMCGFX4X0IRY1GHWDM3HM5WDSJF9LP62BSDULOL3XK7WAIFGDB7EU526O1A0UPLH1S8SJP320LUXJKCHLJX1822GU1KFE80CNW6PXVZ83IOO6LJ731EN164IFVUFMC8DOGYP2MXHN47WGVB192F2PTQRQXCF95OJWAKGOH9S69DZAI5OPJW8QSPDE6LQQ9-83,204,No Content,Thread Group 1-2,text,true,,605,4750,2,2,https://blazemeter.datapipe.prodperfect.com/v1/3.0/projects/lXviifSA1NskA4wsG9N6WoWg/events/clicks?api_key=8RWMCGFX4X0IRY1GHWDM3HM5WDSJF9LP62BSDULOL3XK7WAIFGDB7EU526O1A0UPLH1S8SJP320LUXJKCHLJX1822GU1KFE80CNW6PXVZ83IOO6LJ731EN164IFVUFMC8DOGYP2MXHN47WGVB192F2PTQRQXCF95OJWAKGOH9S69DZAI5OPJW8QSPDE6LQQ9,0,0,0
1741249581899,256,Book flight/v1/3.0/projects/lXviifSA1NskA4wsG9N6WoWg/events/clicks?api_key=8RWMCGFX4X0IRY1GHWDM3HM5WDSJF9LP62BSDULOL3XK7WAIFGDB7EU526O1A0UPLH1S8SJP320LUXJKCHLJX1822GU1KFE80CNW6PXVZ83IOO6LJ731EN164IFVUFMC8DOGYP2MXHN47WGVB192F2PTQRQXCF95OJWAKGOH9S69DZAI5OPJW8QSPDE6LQQ9-84,204,No Content,Thread Group 1-2,text,true,,605,4607,2,2,https://blazemeter.datapipe.prodperfect.com/v1/3.0/projects/lXviifSA1NskA4wsG9N6WoWg/events/clicks?api_key=8RWMCGFX4X0IRY1GHWDM3HM5WDSJF9LP62BSDULOL3XK7WAIFGDB7EU526O1A0UPLH1S8SJP320LUXJKCHLJX1822GU1KFE80CNW6PXVZ83IOO6LJ731EN164IFVUFMC8DOGYP2MXHN47WGVB192F2PTQRQXCF95OJWAKGOH9S69DZAI5OPJW8QSPDE6LQQ9,0,0,0
1741249581506,682,Book flight/v1/3.0/projects/lXviifSA1NskA4wsG9N6WoWg/events/clicks?api_key=8RWMCGFX4X0IRY1GHWDM3HM5WDSJF9LP62BSDULOL3XK7WAIFGDB7EU526O1A0UPLH1S8SJP320LUXJKCHLJX1822GU1KFE80CNW6PXVZ83IOO6LJ731EN164IFVUFMC8DOGYP2MXHN47WGVB192F2PTQRQXCF95OJWAKGOH9S69DZAI5OPJW8QSPDE6LQQ9-87,204,No Content,Thread Group 1-1,text,true,,605,4588,2,2,https://blazemeter.datapipe.prodperfect.com/v1/3.0/projects/lXviifSA1NskA4wsG9N6WoWg/events/clicks?api_key=8RWMCGFX4X0IRY1GHWDM3HM5WDSJF9LP62BSDULOL3XK7WAIFGDB7EU526O1A0UPLH1S8SJP320LUXJKCHLJX1822GU1KFE80CNW6PXVZ83IOO6LJ731EN164IFVUFMC8DOGYP2MXHN47WGVB192F2PTQRQXCF95OJWAKGOH9S69DZAI5OPJW8QSPDE6LQQ9,0,0,0
1741249582156,678,Book flight/v1/3.0/projects/lXviifSA1NskA4wsG9N6WoWg/events/changes?api_key=8RWMCGFX4X0IRY1GHWDM3HM5WDSJF9LP62BSDULOL3XK7WAIFGDB7EU526O1A0UPLH1S8SJP320LUXJKCHLJX1822GU1KFE80CNW6PXVZ83IOO6LJ731EN164IFVUFMC8DOGYP2MXHN47WGVB192F2PTQRQXCF95OJWAKGOH9S69DZAI5OPJW8QSPDE6LQQ9-85,204,No Content,Thread Group 1-2,text,true,,605,4608,2,2,https://blazemeter.datapipe.prodperfect.com/v1/3.0/projects/lXviifSA1NskA4wsG9N6WoWg/events/changes?api_key=8RWMCGFX4X0IRY1GHWDM3HM5WDSJF9LP62BSDULOL3XK7WAIFGDB7EU526O1A0UPLH1S8SJP320LUXJKCHLJX1822GU1KFE80CNW6PXVZ83IOO6LJ731EN164IFVUFMC8DOGYP2MXHN47WGVB192F2PTQRQXCF95OJWAKGOH9S69DZAI5OPJW8QSPDE6LQQ9,0,0,0
1741249582191,695,Book flight/v1/3.0/projects/lXviifSA1NskA4wsG9N6WoWg/events/changes?api_key=8RWMCGFX4X0IRY1GHWDM3HM5WDSJF9LP62BSDULOL3XK7WAIFGDB7EU526O1A0UPLH1S8SJP320LUXJKCHLJX1822GU1KFE80CNW6PXVZ83IOO6LJ731EN164IFVUFMC8DOGYP2MXHN47WGVB192F2PTQRQXCF95OJWAKGOH9S69DZAI5OPJW8QSPDE6LQQ9-88,204,No Content,Thread Group 1-1,text,true,,605,4589,2,2,https://blazemeter.datapipe.prodperfect.com/v1/3.0/projects/lXviifSA1NskA4wsG9N6WoWg/events/changes?api_key=8RWMCGFX4X0IRY1GHWDM3HM5WDSJF9LP62BSDULOL3XK7WAIFGDB7EU526O1A0UPLH1S8SJP320LUXJKCHLJX1822GU1KFE80CNW6PXVZ83IOO6LJ731EN164IFVUFMC8DOGYP2MXHN47WGVB192F2PTQRQXCF95OJWAKGOH9S69DZAI5OPJW8QSPDE6LQQ9,0,0,0
1741249582834,695,Book flight/v1/3.0/projects/lXviifSA1NskA4wsG9N6WoWg/events/clicks?api_key=8RWMCGFX4X0IRY1GHWDM3HM5WDSJF9LP62BSDULOL3XK7WAIFGDB7EU526O1A0UPLH1S8SJP320LUXJKCHLJX1822GU1KFE80CNW6PXVZ83IOO6LJ731EN164IFVUFMC8DOGYP2MXHN47WGVB192F2PTQRQXCF95OJWAKGOH9S69DZAI5OPJW8QSPDE6LQQ9-86,204,No Content,Thread Group 1-2,text,true,,605,4588,2,2,https://blazemeter.datapipe.prodperfect.com/v1/3.0/projects/lXviifSA1NskA4wsG9N6WoWg/events/clicks?api_key=8RWMCGFX4X0IRY1GHWDM3HM5WDSJF9LP62BSDULOL3XK7WAIFGDB7EU526O1A0UPLH1S8SJP320LUXJKCHLJX1822GU1KFE80CNW6PXVZ83IOO6LJ731EN164IFVUFMC8DOGYP2MXHN47WGVB192F2PTQRQXCF95OJWAKGOH9S69DZAI5OPJW8QSPDE6LQQ9,0,0,0
1741249582886,853,Book flight/v1/3.0/projects/lXviifSA1NskA4wsG9N6WoWg/events/clicks?api_key=8RWMCGFX4X0IRY1GHWDM3HM5WDSJF9LP62BSDULOL3XK7WAIFGDB7EU526O1A0UPLH1S8SJP320LUXJKCHLJX1822GU1KFE80CNW6PXVZ83IOO6LJ731EN164IFVUFMC8DOGYP2MXHN47WGVB192F2PTQRQXCF95OJWAKGOH9S69DZAI5OPJW8QSPDE6LQQ9-89,204,No Content,Thread Group 1-1,text,true,,605,4583,2,2,https://blazemeter.datapipe.prodperfect.com/v1/3.0/projects/lXviifSA1NskA4wsG9N6WoWg/events/clicks?api_key=8RWMCGFX4X0IRY1GHWDM3HM5WDSJF9LP62BSDULOL3XK7WAIFGDB7EU526O1A0UPLH1S8SJP320LUXJKCHLJX1822GU1KFE80CNW6PXVZ83IOO6LJ731EN164IFVUFMC8DOGYP2MXHN47WGVB192F2PTQRQXCF95OJWAKGOH9S69DZAI5OPJW8QSPDE6LQQ9,0,0,0
1741249583739,255,Book flight/v1/3.0/projects/lXviifSA1NskA4wsG9N6WoWg/events/clicks?api_key=8RWMCGFX4X0IRY1GHWDM3HM5WDSJF9LP62BSDULOL3XK7WAIFGDB7EU526O1A0UPLH1S8SJP320LUXJKCHLJX1822GU1KFE80CNW6PXVZ83IOO6LJ731EN164IFVUFMC8DOGYP2MXHN47WGVB192F2PTQRQXCF95OJWAKGOH9S69DZAI5OPJW8QSPDE6LQQ9-90,204,No Content,Thread Group 1-1,text,true,,605,4583,2,2,https://blazemeter.datapipe.prodperfect.com/v1/3.0/projects/lXviifSA1NskA4wsG9N6WoWg/events/clicks?api_key=8RWMCGFX4X0IRY1GHWDM3HM5WDSJF9LP62BSDULOL3XK7WAIFGDB7EU526O1A0UPLH1S8SJP320LUXJKCHLJX1822GU1KFE80CNW6PXVZ83IOO6LJ731EN164IFVUFMC8DOGYP2MXHN47WGVB192F2PTQRQXCF95OJWAKGOH9S69DZAI5OPJW8QSPDE6LQQ9,0,0,0
1741249583529,685,Book flight/v1/3.0/projects/lXviifSA1NskA4wsG9N6WoWg/events/clicks?api_key=8RWMCGFX4X0IRY1GHWDM3HM5WDSJF9LP62BSDULOL3XK7WAIFGDB7EU526O1A0UPLH1S8SJP320LUXJKCHLJX1822GU1KFE80CNW6PXVZ83IOO6LJ731EN164IFVUFMC8DOGYP2MXHN47WGVB192F2PTQRQXCF95OJWAKGOH9S69DZAI5OPJW8QSPDE6LQQ9-87,204,No Content,Thread Group 1-2,text,true,,605,4588,2,2,https://blazemeter.datapipe.prodperfect.com/v1/3.0/projects/lXviifSA1NskA4wsG9N6WoWg/events/clicks?api_key=8RWMCGFX4X0IRY1GHWDM3HM5WDSJF9LP62BSDULOL3XK7WAIFGDB7EU526O1A0UPLH1S8SJP320LUXJKCHLJX1822GU1KFE80CNW6PXVZ83IOO6LJ731EN164IFVUFMC8DOGYP2MXHN47WGVB192F2PTQRQXCF95OJWAKGOH9S69DZAI5OPJW8QSPDE6LQQ9,0,0,0
1741249583994,670,Book flight/v1/3.0/projects/lXviifSA1NskA4wsG9N6WoWg/events/changes?api_key=8RWMCGFX4X0IRY1GHWDM3HM5WDSJF9LP62BSDULOL3XK7WAIFGDB7EU526O1A0UPLH1S8SJP320LUXJKCHLJX1822GU1KFE80CNW6PXVZ83IOO6LJ731EN164IFVUFMC8DOGYP2MXHN47WGVB192F2PTQRQXCF95OJWAKGOH9S69DZAI5OPJW8QSPDE6LQQ9-91,204,No Content,Thread Group 1-1,text,true,,605,4578,2,2,https://blazemeter.datapipe.prodperfect.com/v1/3.0/projects/lXviifSA1NskA4wsG9N6WoWg/events/changes?api_key=8RWMCGFX4X0IRY1GHWDM3HM5WDSJF9LP62BSDULOL3XK7WAIFGDB7EU526O1A0UPLH1S8SJP320LUXJKCHLJX1822GU1KFE80CNW6PXVZ83IOO6LJ731EN164IFVUFMC8DOGYP2MXHN47WGVB192F2PTQRQXCF95OJWAKGOH9S69DZAI5OPJW8QSPDE6LQQ9,0,0,0
1741249584215,694,Book flight/v1/3.0/projects/lXviifSA1NskA4wsG9N6WoWg/events/changes?api_key=8RWMCGFX4X0IRY1GHWDM3HM5WDSJF9LP62BSDULOL3XK7WAIFGDB7EU526O1A0UPLH1S8SJP320LUXJKCHLJX1822GU1KFE80CNW6PXVZ83IOO6LJ731EN164IFVUFMC8DOGYP2MXHN47WGVB192F2PTQRQXCF95OJWAKGOH9S69DZAI5OPJW8QSPDE6LQQ9-88,204,No Content,Thread Group 1-2,text,true,,605,4589,2,2,https://blazemeter.datapipe.prodperfect.com/v1/3.0/projects/lXviifSA1NskA4wsG9N6WoWg/events/changes?api_key=8RWMCGFX4X0IRY1GHWDM3HM5WDSJF9LP62BSDULOL3XK7WAIFGDB7EU526O1A0UPLH1S8SJP320LUXJKCHLJX1822GU1KFE80CNW6PXVZ83IOO6LJ731EN164IFVUFMC8DOGYP2MXHN47WGVB192F2PTQRQXCF95OJWAKGOH9S69DZAI5OPJW8QSPDE6LQQ9,0,0,0
1741249584665,250,Book flight/v1/3.0/projects/lXviifSA1NskA4wsG9N6WoWg/events/clicks?api_key=8RWMCGFX4X0IRY1GHWDM3HM5WDSJF9LP62BSDULOL3XK7WAIFGDB7EU526O1A0UPLH1S8SJP320LUXJKCHLJX1822GU1KFE80CNW6PXVZ83IOO6LJ731EN164IFVUFMC8DOGYP2MXHN47WGVB192F2PTQRQXCF95OJWAKGOH9S69DZAI5OPJW8QSPDE6LQQ9-92,204,No Content,Thread Group 1-1,text,true,,605,4560,2,2,https://blazemeter.datapipe.prodperfect.com/v1/3.0/projects/lXviifSA1NskA4wsG9N6WoWg/events/clicks?api_key=8RWMCGFX4X0IRY1GHWDM3HM5WDSJF9LP62BSDULOL3XK7WAIFGDB7EU526O1A0UPLH1S8SJP320LUXJKCHLJX1822GU1KFE80CNW6PXVZ83IOO6LJ731EN164IFVUFMC8DOGYP2MXHN47WGVB192F2PTQRQXCF95OJWAKGOH9S69DZAI5OPJW8QSPDE6LQQ9,0,0,0
1741249584910,662,Book flight/v1/3.0/projects/lXviifSA1NskA4wsG9N6WoWg/events/clicks?api_key=8RWMCGFX4X0IRY1GHWDM3HM5WDSJF9LP62BSDULOL3XK7WAIFGDB7EU526O1A0UPLH1S8SJP320LUXJKCHLJX1822GU1KFE80CNW6PXVZ83IOO6LJ731EN164IFVUFMC8DOGYP2MXHN47WGVB192F2PTQRQXCF95OJWAKGOH9S69DZAI5OPJW8QSPDE6LQQ9-89,204,No Content,Thread Group 1-2,text,true,,605,4583,2,2,https://blazemeter.datapipe.prodperfect.com/v1/3.0/projects/lXviifSA1NskA4wsG9N6WoWg/events/clicks?api_key=8RWMCGFX4X0IRY1GHWDM3HM5WDSJF9LP62BSDULOL3XK7WAIFGDB7EU526O1A0UPLH1S8SJP320LUXJKCHLJX1822GU1KFE80CNW6PXVZ83IOO6LJ731EN164IFVUFMC8DOGYP2MXHN47WGVB192F2PTQRQXCF95OJWAKGOH9S69DZAI5OPJW8QSPDE6LQQ9,0,0,0
1741249584915,678,Book flight/v1/3.0/projects/lXviifSA1NskA4wsG9N6WoWg/events/changes?api_key=8RWMCGFX4X0IRY1GHWDM3HM5WDSJF9LP62BSDULOL3XK7WAIFGDB7EU526O1A0UPLH1S8SJP320LUXJKCHLJX1822GU1KFE80CNW6PXVZ83IOO6LJ731EN164IFVUFMC8DOGYP2MXHN47WGVB192F2PTQRQXCF95OJWAKGOH9S69DZAI5OPJW8QSPDE6LQQ9-93,204,No Content,Thread Group 1-1,text,true,,605,4563,2,2,https://blazemeter.datapipe.prodperfect.com/v1/3.0/projects/lXviifSA1NskA4wsG9N6WoWg/events/changes?api_key=8RWMCGFX4X0IRY1GHWDM3HM5WDSJF9LP62BSDULOL3XK7WAIFGDB7EU526O1A0UPLH1S8SJP320LUXJKCHLJX1822GU1KFE80CNW6PXVZ83IOO6LJ731EN164IFVUFMC8DOGYP2MXHN47WGVB192F2PTQRQXCF95OJWAKGOH9S69DZAI5OPJW8QSPDE6LQQ9,0,0,0
1741249585573,672,Book flight/v1/3.0/projects/lXviifSA1NskA4wsG9N6WoWg/events/clicks?api_key=8RWMCGFX4X0IRY1GHWDM3HM5WDSJF9LP62BSDULOL3XK7WAIFGDB7EU526O1A0UPLH1S8SJP320LUXJKCHLJX1822GU1KFE80CNW6PXVZ83IOO6LJ731EN164IFVUFMC8DOGYP2MXHN47WGVB192F2PTQRQXCF95OJWAKGOH9S69DZAI5OPJW8QSPDE6LQQ9-90,204,No Content,Thread Group 1-2,text,true,,605,4583,2,2,https://blazemeter.datapipe.prodperfect.com/v1/3.0/projects/lXviifSA1NskA4wsG9N6WoWg/events/clicks?api_key=8RWMCGFX4X0IRY1GHWDM3HM5WDSJF9LP62BSDULOL3XK7WAIFGDB7EU526O1A0UPLH1S8SJP320LUXJKCHLJX1822GU1KFE80CNW6PXVZ83IOO6LJ731EN164IFVUFMC8DOGYP2MXHN47WGVB192F2PTQRQXCF95OJWAKGOH9S69DZAI5OPJW8QSPDE6LQQ9,0,0,0
1741249585594,662,Book flight/v1/3.0/projects/lXviifSA1NskA4wsG9N6WoWg/events/clicks?api_key=8RWMCGFX4X0IRY1GHWDM3HM5WDSJF9LP62BSDULOL3XK7WAIFGDB7EU526O1A0UPLH1S8SJP320LUXJKCHLJX1822GU1KFE80CNW6PXVZ83IOO6LJ731EN164IFVUFMC8DOGYP2MXHN47WGVB192F2PTQRQXCF95OJWAKGOH9S69DZAI5OPJW8QSPDE6LQQ9-94,204,No Content,Thread Group 1-1,text,true,,605,4515,2,2,https://blazemeter.datapipe.prodperfect.com/v1/3.0/projects/lXviifSA1NskA4wsG9N6WoWg/events/clicks?api_key=8RWMCGFX4X0IRY1GHWDM3HM5WDSJF9LP62BSDULOL3XK7WAIFGDB7EU526O1A0UPLH1S8SJP320LUXJKCHLJX1822GU1KFE80CNW6PXVZ83IOO6LJ731EN164IFVUFMC8DOGYP2MXHN47WGVB192F2PTQRQXCF95OJWAKGOH9S69DZAI5OPJW8QSPDE6LQQ9,0,0,0
1741249586245,252,Book flight/v1/3.0/projects/lXviifSA1NskA4wsG9N6WoWg/events/changes?api_key=8RWMCGFX4X0IRY1GHWDM3HM5WDSJF9LP62BSDULOL3XK7WAIFGDB7EU526O1A0UPLH1S8SJP320LUXJKCHLJX1822GU1KFE80CNW6PXVZ83IOO6LJ731EN164IFVUFMC8DOGYP2MXHN47WGVB192F2PTQRQXCF95OJWAKGOH9S69DZAI5OPJW8QSPDE6LQQ9-91,204,No Content,Thread Group 1-2,text,true,,605,4578,2,2,https://blazemeter.datapipe.prodperfect.com/v1/3.0/projects/lXviifSA1NskA4wsG9N6WoWg/events/changes?api_key=8RWMCGFX4X0IRY1GHWDM3HM5WDSJF9LP62BSDULOL3XK7WAIFGDB7EU526O1A0UPLH1S8SJP320LUXJKCHLJX1822GU1KFE80CNW6PXVZ83IOO6LJ731EN164IFVUFMC8DOGYP2MXHN47WGVB192F2PTQRQXCF95OJWAKGOH9S69DZAI5OPJW8QSPDE6LQQ9,0,0,0
1741249586257,678,Book flight/v1/3.0/projects/lXviifSA1NskA4wsG9N6WoWg/events/pageunloads?api_key=8RWMCGFX4X0IRY1GHWDM3HM5WDSJF9LP62BSDULOL3XK7WAIFGDB7EU526O1A0UPLH1S8SJP320LUXJKCHLJX1822GU1KFE80CNW6PXVZ83IOO6LJ731EN164IFVUFMC8DOGYP2MXHN47WGVB192F2PTQRQXCF95OJWAKGOH9S69DZAI5OPJW8QSPDE6LQQ9-96,204,No Content,Thread Group 1-1,text,true,,605,2829,2,2,https://blazemeter.datapipe.prodperfect.com/v1/3.0/projects/lXviifSA1NskA4wsG9N6WoWg/events/pageunloads?api_key=8RWMCGFX4X0IRY1GHWDM3HM5WDSJF9LP62BSDULOL3XK7WAIFGDB7EU526O1A0UPLH1S8SJP320LUXJKCHLJX1822GU1KFE80CNW6PXVZ83IOO6LJ731EN164IFVUFMC8DOGYP2MXHN47WGVB192F2PTQRQXCF95OJWAKGOH9S69DZAI5OPJW8QSPDE6LQQ9,0,0,0
1741249586497,655,Book flight/v1/3.0/projects/lXviifSA1NskA4wsG9N6WoWg/events/clicks?api_key=8RWMCGFX4X0IRY1GHWDM3HM5WDSJF9LP62BSDULOL3XK7WAIFGDB7EU526O1A0UPLH1S8SJP320LUXJKCHLJX1822GU1KFE80CNW6PXVZ83IOO6LJ731EN164IFVUFMC8DOGYP2MXHN47WGVB192F2PTQRQXCF95OJWAKGOH9S69DZAI5OPJW8QSPDE6LQQ9-92,204,No Content,Thread Group 1-2,text,true,,605,4560,2,2,https://blazemeter.datapipe.prodperfect.com/v1/3.0/projects/lXviifSA1NskA4wsG9N6WoWg/events/clicks?api_key=8RWMCGFX4X0IRY1GHWDM3HM5WDSJF9LP62BSDULOL3XK7WAIFGDB7EU526O1A0UPLH1S8SJP320LUXJKCHLJX1822GU1KFE80CNW6PXVZ83IOO6LJ731EN164IFVUFMC8DOGYP2MXHN47WGVB192F2PTQRQXCF95OJWAKGOH9S69DZAI5OPJW8QSPDE6LQQ9,0,0,0
1741249586934,692,Book flight/v1/3.0/projects/lXviifSA1NskA4wsG9N6WoWg/events/form_submissions?api_key=8RWMCGFX4X0IRY1GHWDM3HM5WDSJF9LP62BSDULOL3XK7WAIFGDB7EU526O1A0UPLH1S8SJP320LUXJKCHLJX1822GU1KFE80CNW6PXVZ83IOO6LJ731EN164IFVUFMC8DOGYP2MXHN47WGVB192F2PTQRQXCF95OJWAKGOH9S69DZAI5OPJW8QSPDE6LQQ9-97,204,No Content,Thread Group 1-1,text,true,,605,4401,2,2,https://blazemeter.datapipe.prodperfect.com/v1/3.0/projects/lXviifSA1NskA4wsG9N6WoWg/events/form_submissions?api_key=8RWMCGFX4X0IRY1GHWDM3HM5WDSJF9LP62BSDULOL3XK7WAIFGDB7EU526O1A0UPLH1S8SJP320LUXJKCHLJX1822GU1KFE80CNW6PXVZ83IOO6LJ731EN164IFVUFMC8DOGYP2MXHN47WGVB192F2PTQRQXCF95OJWAKGOH9S69DZAI5OPJW8QSPDE6LQQ9,0,0,0
1741249587151,676,Book flight/v1/3.0/projects/lXviifSA1NskA4wsG9N6WoWg/events/changes?api_key=8RWMCGFX4X0IRY1GHWDM3HM5WDSJF9LP62BSDULOL3XK7WAIFGDB7EU526O1A0UPLH1S8SJP320LUXJKCHLJX1822GU1KFE80CNW6PXVZ83IOO6LJ731EN164IFVUFMC8DOGYP2MXHN47WGVB192F2PTQRQXCF95OJWAKGOH9S69DZAI5OPJW8QSPDE6LQQ9-93,204,No Content,Thread Group 1-2,text,true,,605,4563,2,2,https://blazemeter.datapipe.prodperfect.com/v1/3.0/projects/lXviifSA1NskA4wsG9N6WoWg/events/changes?api_key=8RWMCGFX4X0IRY1GHWDM3HM5WDSJF9LP62BSDULOL3XK7WAIFGDB7EU526O1A0UPLH1S8SJP320LUXJKCHLJX1822GU1KFE80CNW6PXVZ83IOO6LJ731EN164IFVUFMC8DOGYP2MXHN47WGVB192F2PTQRQXCF95OJWAKGOH9S69DZAI5OPJW8QSPDE6LQQ9,0,0,0
1741249587627,409,Book flight/confirmation.php-95,200,OK,Thread Group 1-1,text,true,,2289,825,2,2,https://blazedemo.com/confirmation.php,406,0,0
1741249587827,261,Book flight/v1/3.0/projects/lXviifSA1NskA4wsG9N6WoWg/events/clicks?api_key=8RWMCGFX4X0IRY1GHWDM3HM5WDSJF9LP62BSDULOL3XK7WAIFGDB7EU526O1A0UPLH1S8SJP320LUXJKCHLJX1822GU1KFE80CNW6PXVZ83IOO6LJ731EN164IFVUFMC8DOGYP2MXHN47WGVB192F2PTQRQXCF95OJWAKGOH9S69DZAI5OPJW8QSPDE6LQQ9-94,204,No Content,Thread Group 1-2,text,true,,605,4515,2,2,https://blazemeter.datapipe.prodperfect.com/v1/3.0/projects/lXviifSA1NskA4wsG9N6WoWg/events/clicks?api_key=8RWMCGFX4X0IRY1GHWDM3HM5WDSJF9LP62BSDULOL3XK7WAIFGDB7EU526O1A0UPLH1S8SJP320LUXJKCHLJX1822GU1KFE80CNW6PXVZ83IOO6LJ731EN164IFVUFMC8DOGYP2MXHN47WGVB192F2PTQRQXCF95OJWAKGOH9S69DZAI5OPJW8QSPDE6LQQ9,0,0,0
1741249588036,689,Book flight/v1/3.0/projects/lXviifSA1NskA4wsG9N6WoWg/events/pageviews?api_key=8RWMCGFX4X0IRY1GHWDM3HM5WDSJF9LP62BSDULOL3XK7WAIFGDB7EU526O1A0UPLH1S8SJP320LUXJKCHLJX1822GU1KFE80CNW6PXVZ83IOO6LJ731EN164IFVUFMC8DOGYP2MXHN47WGVB192F2PTQRQXCF95OJWAKGOH9S69DZAI5OPJW8QSPDE6LQQ9-98,204,No Content,Thread Group 1-1,text,true,,605,2805,2,2,https://blazemeter.datapipe.prodperfect.com/v1/3.0/projects/lXviifSA1NskA4wsG9N6WoWg/events/pageviews?api_key=8RWMCGFX4X0IRY1GHWDM3HM5WDSJF9LP62BSDULOL3XK7WAIFGDB7EU526O1A0UPLH1S8SJP320LUXJKCHLJX1822GU1KFE80CNW6PXVZ83IOO6LJ731EN164IFVUFMC8DOGYP2MXHN47WGVB192F2PTQRQXCF95OJWAKGOH9S69DZAI5OPJW8QSPDE6LQQ9,0,0,0
1741249588088,681,Book flight/v1/3.0/projects/lXviifSA1NskA4wsG9N6WoWg/events/pageunloads?api_key=8RWMCGFX4X0IRY1GHWDM3HM5WDSJF9LP62BSDULOL3XK7WAIFGDB7EU526O1A0UPLH1S8SJP320LUXJKCHLJX1822GU1KFE80CNW6PXVZ83IOO6LJ731EN164IFVUFMC8DOGYP2MXHN47WGVB192F2PTQRQXCF95OJWAKGOH9S69DZAI5OPJW8QSPDE6LQQ9-96,204,No Content,Thread Group 1-2,text,true,,605,2829,1,1,https://blazemeter.datapipe.prodperfect.com/v1/3.0/projects/lXviifSA1NskA4wsG9N6WoWg/events/pageunloads?api_key=8RWMCGFX4X0IRY1GHWDM3HM5WDSJF9LP62BSDULOL3XK7WAIFGDB7EU526O1A0UPLH1S8SJP320LUXJKCHLJX1822GU1KFE80CNW6PXVZ83IOO6LJ731EN164IFVUFMC8DOGYP2MXHN47WGVB192F2PTQRQXCF95OJWAKGOH9S69DZAI5OPJW8QSPDE6LQQ9,0,0,0
1741249588770,670,Book flight/v1/3.0/projects/lXviifSA1NskA4wsG9N6WoWg/events/form_submissions?api_key=8RWMCGFX4X0IRY1GHWDM3HM5WDSJF9LP62BSDULOL3XK7WAIFGDB7EU526O1A0UPLH1S8SJP320LUXJKCHLJX1822GU1KFE80CNW6PXVZ83IOO6LJ731EN164IFVUFMC8DOGYP2MXHN47WGVB192F2PTQRQXCF95OJWAKGOH9S69DZAI5OPJW8QSPDE6LQQ9-97,204,No Content,Thread Group 1-2,text,true,,605,4401,1,1,https://blazemeter.datapipe.prodperfect.com/v1/3.0/projects/lXviifSA1NskA4wsG9N6WoWg/events/form_submissions?api_key=8RWMCGFX4X0IRY1GHWDM3HM5WDSJF9LP62BSDULOL3XK7WAIFGDB7EU526O1A0UPLH1S8SJP320LUXJKCHLJX1822GU1KFE80CNW6PXVZ83IOO6LJ731EN164IFVUFMC8DOGYP2MXHN47WGVB192F2PTQRQXCF95OJWAKGOH9S69DZAI5OPJW8QSPDE6LQQ9,0,0,0
1741249589441,380,Book flight/confirmation.php-95,200,OK,Thread Group 1-2,text,true,,2440,825,1,1,https://blazedemo.com/confirmation.php,379,0,0
1741249589822,662,Book flight/v1/3.0/projects/lXviifSA1NskA4wsG9N6WoWg/events/pageviews?api_key=8RWMCGFX4X0IRY1GHWDM3HM5WDSJF9LP62BSDULOL3XK7WAIFGDB7EU526O1A0UPLH1S8SJP320LUXJKCHLJX1822GU1KFE80CNW6PXVZ83IOO6LJ731EN164IFVUFMC8DOGYP2MXHN47WGVB192F2PTQRQXCF95OJWAKGOH9S69DZAI5OPJW8QSPDE6LQQ9-98,204,No Content,Thread Group 1-2,text,true,,605,2805,1,1,https://blazemeter.datapipe.prodperfect.com/v1/3.0/projects/lXviifSA1NskA4wsG9N6WoWg/events/pageviews?api_key=8RWMCGFX4X0IRY1GHWDM3HM5WDSJF9LP62BSDULOL3XK7WAIFGDB7EU526O1A0UPLH1S8SJP320LUXJKCHLJX1822GU1KFE80CNW6PXVZ83IOO6LJ731EN164IFVUFMC8DOGYP2MXHN47WGVB192F2PTQRQXCF95OJWAKGOH9S69DZAI5OPJW8QSPDE6LQQ9,0,0,0
